topic_id,tamano,pct_corpus,palabras_clave,docs_representativos,etiqueta,categoria,incluir,notas
0,1561,2.34,petro|gustavo petro|gustavo|presidente|salud petro|presidente petro|gobierno petro|reforma salud|reforma|salud gustavo,Fast check | Análisis de las cifras económicas y de la salud que entregó el presidente Gustavo Petro en alocución: ¿hubo imprecisiones? ||| Gustavo Petro estado de salud: resultado prueba covid y reinicio de labores ||| Vuelve a hundirse la reforma a la salud de Petro en la Comisión Séptima del Senado en penúltimo debate ||| Así reaccionó el Gobierno de Gustavo Petro y la oposición al archivo de la reforma de la salud 2.0 ||| Reforma a la salud del Gobierno Petro vuelve a ser hundida en el Senado,Reforma a la salud - Gobierno Petro,Politica sanitaria e institucional,Si,
1,1189,1.78,dengue|casos dengue|casos|aumento|aumento casos|huila|dengue colombia|alerta|brote dengue|dengue huila,"Sube el dengue en Colombia, Risaralda entre los menos afectados ||| El Cesar reporta 2.999 casos de dengue en 2022 ||| Se ´disparan´ casos de dengue ||| Alcaldía desmiente presunta muerte por 'dengue crónico' en Santa Marta ||| Aumentó el dengue, lanzan ofensiva para controlarlo",Dengue y arbovirosis,Enfermedades transmisibles,Si,
2,853,1.28,salud colombia|colombia|colombianos|sistema salud|sistema|salud colombianos|salud colombiano|pacientes colombia|salud|colombiano,"¡Otra vez con buena nota! Colombia tiene el sexto mejor sistema de salud ||| Sistema de salud colombiano se ubicó en el puesto 39 entre 94 países ||| Aumentaron las tutelas por salud en Colombia; Antioquia y Valle del Cauca con más procesos ||| Se firmó el memorando de entendimiento por la salud en Colombia ¿de qué se trata? ||| Reforma a la salud en Colombia: debate en el Senado, caso Nueva EPS y futuro del sistema sanitario",Sistema de salud (general),Sistema de salud y aseguramiento,Si,
3,846,1.27,supersalud|intervención|eps|eps supersalud|sanitas|supersalud supersalud|intervención supersalud|coosalud|medida|intervención forzosa,"Supersalud reitera condiciones obligatorias para prestar consultas médicas especializadas ||| Supersalud intervino de nuevo al Hospital Departamental San Francisco de Asís en Chocó ||| Supersalud interviene Hospital San Francisco de Asís en el Chocó: se había reportado 287% de ocupación ||| Cambio Radical presenta demanda contra intervención de SuperSalud a Sanitas ||| Supersalud explicó cómo será servicio de Santias, luego de intervención hecha",Intervencion de EPS / Supersalud,Sistema de salud y aseguramiento,Si,
4,819,1.23,covid|covid 19|pandemia|19|variante|casos covid|oms|pandemia covid|variante covid|casos,"""Nunca hemos estado en mejor posición para acabar con la pandemia"" ||| Preocupación en Risaralda por aumento de casos de covid-19 ||| ""No hay un aumento significativo de casos de covid-19"": Minsalud | EL UNIVERSAL ||| ""No hay un aumento significativo de casos de covid-19"": Afirmó el Ministro de Salud ||| Sucre: instan a municipios a intensificar medidas ante nueva variante de covid-19",COVID-19 y pandemia,Enfermedades transmisibles,Si,
5,812,1.22,mental|salud mental|mental salud|salud|jóvenes|emocional|psicólogo|mental jóvenes|bienestar|mundial salud,"La salud mental se acerca al covid como principal preocupación de salud en el mundo ||| Salud mental en niños: conversatorio de Melisa Parra en Universidad CES ||| Este es el currículo científico que, con respaldo de Harvard, se implementa desde las aulas para fortalecer la salud mental y la construcción de paz ||| Cada vez es más difícil cuidar la salud mental, ¿qué hacer? ||| Claves para fortalecer la salud mental en los niños y mantener la de los adultos mayores","Salud mental (general, jovenes)",Salud mental y conducta suicida,Si,
6,793,1.19,minsalud|upc|corte|corte constitucional|constitucional|upc minsalud|procuraduría|minsalud minsalud|censura minsalud|censura,"Corte Constitucional advierte que Minsalud no cumplió con el reajuste de la UPC ||| El debate de control lo hizo MinSalud, dice expresidente de Fiduprevisora ||| ""No nos vamos a paralizar"": Minsalud sobre suspensión de decreto que reorganiza el sistema ||| MinSalud se 'salió de los chiros' en el Senado ||| MinSalud incluyó algunas proposiciones de los partidos en ponencia de primer debate",Financiacion de la salud (UPC) y control institucional,Politica sanitaria e institucional,Si,
7,788,1.18,cirugía|estética|cirugías|cirugía estética|estéticas|cirugías estéticas|someterse|cirugía plástica|plástica|mujer,"Investigan muerte de una mujer días después de someterse a cirugías estéticas en Medellín ||| Koral Costa, esposa de Ómar Murillo, mostró labios tras cirugía de biopolímeros ||| Yailin se volvió a someter a cirugías estéticas y así fue su cambio físico ||| Muere la actriz y modelo Silvina Luna tras realizarse una cirugía estética ||| Mujer murió luego de cirugía estética en Antioquia: médicos no tenían permisos",Cirugias esteticas,Servicios medicos y atencion clinica,Si,
8,774,1.16,vacunas|vacunación|covid|vacunas covid|covid 19|19|jornada|jornada vacunación|vacuna|vacuna covid,"Solicitamos a la OPS renegociar la compra de vacunas: MinSalud ||| En producción local de vacunas vamos a un paso más lento de lo que se quisiera: Álvarez ||| COVID-19: luz verde para la primera vacuna inhalada del mundo ||| ¿Vacunas administradas con seda dental? Experimento para reemplazar las agujas, ciencia explica ||| Mundial Catar: vacuna contra covid-19 no será obligatoria",Vacunacion COVID-19,Vacunacion e inmunizacion,Si,
9,685,1.03,enfermedad|claudia bahamón|bahamón|acordeonero|claudia|hospitalizado|giraldo|calderón|álvarez|egidio cuadrado,María Fernanda Cabal tiene problemas de salud y por eso no pudo marchar ||| El salsero puertorriqueño Cheo Andújar se recupera de un infarto en Cali ||| Exconductor de Citytv Amador Padilla se sinceró sobre dura enfermedad que padece ||| Santiago Alarcón y Luisa Fernanda W son daltónicos; qué es esa enfermedad ||| Rolando Ochoa fue hospitalizado de emergencia hoy por complicación en la columna,Salud de figuras publicas / farandula,Servicios medicos y atencion clinica,Si,Casos de enfermedad de personajes publicos colombianos; cobertura tipo 'interes humano'.
10,678,1.02,gaza|israel|hospital gaza|hamás|israelí|muertos|franja|hospital|bombardeo|franja gaza,"Aumenta cifra de muertos por conflicto entre Israel y Hamás ||| Defensa Civil de Gaza reportó 22 muertos por ataques israelíes ||| El gran suplicio que padece Israel: el riñón que le pusieron tenía cáncer, ¿negligencia médica? ||| Autoridades de Gaza elevan a cerca de 375 los muertos por ataques de Israel ||| Israel confirma un elevado número de soldados muertos por cuenta de fuego amigo",Conflicto Gaza-Israel y hospitales,Excluir (no-salud),No,"Cobertura belica; el hospital aparece solo como escenario de danos, no es agenda sanitaria colombiana."
11,573,0.86,hospital|san|hospital san|san juan|juan dios|juan|dios|urgencias|hospital universitario|universitario,"Hospital de primer nivel de Pitalito: meses de retrasos, prórrogas y una obra aún a medio camino ||| Noya propone fortalecer vías y hospitales en Algarrobo y Sabanas de San Ángel ||| Hospital nuevo, vías y PAE: así avanza el desarrollo en Valle de San Juan ||| Un hospital emblemático en el sur del país ||| Pamplona tendrá un nuevo hospital para atender a 91.555 personas",Hospitales publicos (infraestructura y urgencias),Sistema de salud y aseguramiento,Si,
12,572,0.86,muertos|número|accidentes|número muertos|cifra|terremoto|muertes|cifra muertos|fallecidos|muertes accidentes,Ascienden a 21 los muertos por el paso del huracán 'Fiona' por Puerto Rico ||| Asciende a 62 la cifra de muertos por huracán Ian en EE.UU. ||| Revelan los once sectores con más de diez muertes por accidentes de tránsito en 2025 ||| El sicariato dejó 34 homicidios y 20 muertes por accidentes viales ||| 20 lanchas hundidas y 75 muertos por ataques de Estados Unidos en el mar Caribe y Pacífico,Cifras de muertos por accidentes/desastres,Excluir (no-salud),No,"Conteo de victimas de accidentes/terremotos; cobertura de sucesos, no tema sanitario especifico."
13,559,0.84,papa|papa francisco|francisco|salud papa|vaticano|roma|hospitalizado|hospitalización|vaticano salud|francisco salud,"Estado de salud del papa Francisco no preocupa tras pruebas médicas, según medios ||| Noticias papa Francisco hoy: confirman estado de salud y qué le pasó ||| Atención: Vaticano publica resultados de exámenes del papa Francisco; así avanza su salud ||| Oremos por la salud del Papa ||| Salud del papa Francisco ""mejora progresivamente"" y sigue en tratamiento",Salud del Papa Francisco,Servicios medicos y atencion clinica,Si,
14,498,0.75,medicamentos|escasez|escasez medicamentos|desabastecimiento|desabastecimiento medicamentos|medicamentos país|entrega medicamentos|crisis medicamentos|rebaja|drogas rebaja,¿Por qué están escasos los medicamentos? Estas son las razones de la crisis de fármacos que preocupa al país ||| Crisis de medicamentos: Hay 1.242 principios activos en desabastecimiento ||| Afidro propone un debate técnico ante la escasez de medicamentos | Economía ||| Fuerte llamado de Asocoldro: advierten que las reformas ponen en riesgo el acceso a medicamentos en más de 1.000 municipios ||| La Andi asegura que escasez de medicamentos se debe al incremento de la demanda,Desabastecimiento de medicamentos,Sistema de salud y aseguramiento,Si,
15,487,0.73,suicidio|suicidios|prevención suicidio|intentos|eutanasia|coronel|dávila|intentos suicidio|suicidarse|prevención,Voces sin estigmas: foro de EL TIEMPO y CAF abordará este miércoles cómo prevenir el suicidio ||| Floridablanca fortalece estrategias de prevención del suicidio ||| Cali reporta reducción de los suicidios en 2025 y lanza la campaña 'Hablar sana' para fortalecer la salud mental ||| La Guajira se une al llamado mundial para prevenir el suicidio ||| Distrito refuerza programas de prevención del suicidio,Suicidio y eutanasia,Salud mental y conducta suicida,Si,
16,484,0.73,agua|potable|agua potable|aguas|aguas residuales|residuales|calidad agua|tratamiento aguas|calidad|planta tratamiento,"Agua potable para Santa Marta: MinVivienda visitará zonas de la Sierra para viabilizar proyectos de agua | Santa Marta ||| La ruta que debe recorrer Soledad para contar con un nuevo operador de agua potable y alcantarillado ||| Listas plantas portátiles de tratamiento de agua potable para atender a la población rural ||| En firme, alternativa de plantas desalinizadoras de agua potable para Taganga y Santa Marta ||| Antioquia: así es la calidad del agua potable que se distribuye en la región",Agua potable y saneamiento,Determinantes sociales y salud ambiental,Si,
17,475,0.71,perros|perro|mascotas|animales|mascota|perros gatos|veterinaria|gatos|veterinario|animal,Qué significa según la psicología que alguien hable mucho con su mascota ||| Perro que sufre extraña enfermedad fue robado en Santa Marta: piden devolverlo ||| Medellín tiene el primer programa de rehabilitación con perros para pacientes quemados ||| ¿Cómo cuidar la salud mental de su mascota? ||| Este es el estado de salud de venado cazado con perros en Santander,Salud animal / mascotas,Excluir (no-salud),No,Salud veterinaria de mascotas; fuera del alcance de salud publica humana del proyecto.
18,474,0.71,eps|afiliados|financieros|contraloría|financiera|financiera eps|usuarios|compensar|crisis financiera|afiliados eps,"En medio de debate por traslado de EPS para 2,3 millones de usuarios, alertan sobre entrada de fondos de inversión ||| Las EPS las malas del paseo ||| Nueva EPS estaría en ´etapa terminal´ ||| Se toteó la Nueva EPS ||| Descalabro financiero en Nueva EPS",Crisis financiera de las EPS,Sistema de salud y aseguramiento,Si,
19,470,0.71,sisbén|subsidios|grupo|grupos|grupo sisbén|grupos sisbén|beneficios|puntaje|sisbén iv|iv,Arranca actualización del Sisbén: este es el anuncio del DNP que impactará a muchos ||| Sisbén 2025: estos son los beneficios de estar correctamente calificado | Gobierno | Economía ||| Habilitado el sistema para la actualización del Sisben en Pasto ||| ¿Cómo descargar la clasificación del Sisbén 2025? Paso a paso para conocer el grupo que tiene en el sistema ||| Más de un millón de antioqueños no han actualizado el Sisben; así puede hacerlo para acceder a programas sociales,Sisben y focalizacion de subsidios en salud,Sistema de salud y aseguramiento,Si,
20,461,0.69,discapacidad|personas discapacidad|personas|inclusión|condición discapacidad|condición|discapacidad visual|población discapacidad|población|personas condición,Iniciativa favorecería a personas en condición de discapacidad ||| Congreso: proponen circunscripción para personas con discapacidad. ||| Beneficiadas 130 personas en condición de discapacidad con ofertas de servicios integrales ||| En CE Camilo siguen luchando para ofrecer una mejor calidad de vida a las personas con discapacidad ||| Corte ordena al gobierno garantizar cuidados a personas con discapacidad,Discapacidad e inclusion,Poblaciones vulnerables y equidad en salud,Si,
21,456,0.68,síntomas|enfermedad|piel|pies|uñas|tratamientos|dolor|síndrome|infarto|síntoma,"'Me salió un bulto en la axila': causas y cuándo ir al médico según los síntomas que alerten una enfermedad grave ||| Linfedema: qué es, síntomas y cómo tratarlo eficazmente ||| Mayo Clinic advierte que estos síntomas pueden anticiparle de un infarto ||| Tome nota: esto es lo que le podría producir un infarto ||| ¿Qué es y cuáles son los síntomas del Síndrome de la Persona Rígida?",Sintomas y signos de enfermedad (general),Enfermedades cronicas y no transmisibles,Si,Contenido tipo 'salud y bienestar' sobre sintomas variados; agrupacion heterogenea.
22,450,0.68,reforma|reforma salud|salud reforma|salud|proyecto|subcomisión|proyecto reforma|ponencia|puntos|subcomisión reforma,"Los aspectos que debería resolver la reforma a la salud ||| Pese al hermetismo, estas son las claves de la reforma a la salud ||| La reforma a la salud va ||| Los puntos clave de la reforma a la salud ||| ¿Qué tan concertada está la ponencia de la reforma a la salud?",Reforma a la salud (tramite legislativo),Politica sanitaria e institucional,Si,
23,430,0.65,billones|financiera|upc|déficit|finanzas|sistema|economía|finanzas economía|sistema salud|sector,"Aseguramiento en salud: estas serían las consecuencias de quitarle dinero ||| Reforma a la salud tendrá costo adicional de 100 billones y quitaron beneficios ||| Reforma a la salud | ¿Quién asumirá la gestión del riesgo financiero y de salud? | Economía ||| Déficit del sector salud es de $19,8 billones y asoma apagón financiero ||| Irregularidades en los Equipos Básicos en Salud: millonarios gastos sin justificar | Gobierno | Economía",Financiacion y deficit del sistema de salud,Sistema de salud y aseguramiento,Si,
24,428,0.64,maestros|salud maestros|docentes|modelo|modelo salud|salud docentes|profesores|fomag|salud profesores|fiduprevisora,"Fiduprevisora: bajarán presupuesto para licitación de salud a profesores, tras denuncia ||| La salud de los educadores es un desastre ||| La preocupación en el MinEducación para la licitación del régimen de salud de los maestros ||| Licitación de salud a profesores aumenta $6 billones ante lo estimado por Gobierno Duque ||| ¿Qué está pasando con la salud de los maestros? Distrito califica situación como ""preocupante""",Regimen especial de salud del magisterio (Fomag),Sistema de salud y aseguramiento,Si,
25,426,0.64,miguel uribe|miguel|uribe|uribe turbay|turbay|médico miguel|salud miguel|fe|santa fe|médico,"¿Cuánto tiempo estará de baja Hakimi tras la lesión que le ocasionó Luis Díaz?: Parte médico oficial ||| Hospital Tomás Uribe Uribe responde a denuncia del Tino Asprilla sobre atención médica a su padre en Tuluá ||| Hospital Tomás Uribe Uribe de Tuluá desmiente al Tino Asprilla tras delicada denuncia por atención a su padre ||| Estado de salud de Miguel Uribe revirtió a una ""condición crítica"" por un episodio de hemorragia ||| Nuevo parte médico de Miguel Uribe: Se encuentra en estado crítico tras episodio de hemorragia",Salud de Miguel Uribe Turbay (figura publica),Servicios medicos y atencion clinica,Si,
26,424,0.64,eps|salud eps|superintendencia|superintendencia salud|gestoras|gestoras salud|sura|sanitas|eps sura|intervención,"Sanitas y la Nueva EPS ||| Denuncias por mala atención y fallas en Salud Total EPS y Virrey Solís en Caldas: ¿qué pasa? ||| La Procuraduría adelanta pesquisa en la EPS Salud Total. Esto es lo que busca en las visitas ||| EPS Cosmitet y Secretaría de Salud de Risaralda, con medida preventiva ||| Otra vez falló la plataforma de control a las EPS de la Superintendencia de Salud, ¿a qué se debe?",Intervencion de EPS (Superintendencia de Salud),Sistema de salud y aseguramiento,Si,
27,416,0.62,embarazada|mujer embarazada|mujer|bebé|embarazó|hombre|cárcel|abusó|embarazo|hombre abusó,"Indignante caso de una niña de 11 años que quedó embarazada: culpan al padrasto de abuso ||| ""Si yo muero, fue Greg"": el último mensaje de una mujer embarazada que fue asesinada por su exnovio ||| Una mujer en embarazo fue asesinada por su expareja en Norte de Santander ||| Fue capturado golpeando a su mujer embarazada y el juez lo devolvió a la casa ||| Hombre que maltrató a su esposa embarazada no fue considerado un peligro para ella",Violencia sexual y embarazo forzado,Violencia y salud,Si,
28,407,0.61,embarazo|embarazada|daniela|daniela ospina|ospina|evaluna|rumores|foto|camilo|rumores embarazo,"Daniela Álvarez confirma si está embarazada y matrimonio con Daniel Arenas ||| Famosa presentadora de Caracol Televisión, Andreina Solórzano está embarazada ||| Fotos: Rigoberto Urán presume embarazo de Michelle Durango ||| Gabriela Sevilla sostiene que sí estuvo embarazada: Voy a buscar a mi bebé ||| Alejandra Giraldo, de Noticias Caracol responde preguntas de embarazo",Embarazos de figuras publicas (rumores),Salud sexual y reproductiva,Si,Cobertura tipo farandula sobre embarazos de personajes publicos.
29,393,0.59,horóscopo|signos|leo|tauro|amor|géminis|aries|cáncer leo|cáncer|virgo,"Horóscopo de febrero para signos Capricornio, Tauro y Cáncer y números de suerte ||| Horóscopo para Cáncer, Escorpión y Piscis: predicciones para febrero 2023 ||| Horóscopo 2 de octubre: qué le depara a Piscis, Escorpio, Cáncer y más signos ||| Horóscopo hoy 27 de septiembre del 2024: Tauro, Cáncer y más signos con cambios ||| Horóscopo para hoy 6 de agosto del 2024: así les irá a Cáncer, Piscis, Escorpio",Horoscopo y astrologia,Excluir (no-salud),No,Contenido de entretenimiento sin relacion con salud.
30,353,0.53,invima|invima alerta|alerta|productos|invima advierte|ilegal|venta|invima lanza|alerta sanitaria|producto,"Invima emite alerta sanitaria por venta ilegal de fórmula para bebés y advierte riesgo de botulismo ||| Invima advierte riesgo sanitario y detiene la venta de un alisador capilar popular ||| Invima alerta por 7 productos falsos de una marca reconocida que se venden en internet ||| Advertencia del Invima sobre suplemento 'natural' que puede causar graves problemas de salud ||| Invima alerta: este suplemento ""natural"" podría causar graves daños al organismo",Alertas sanitarias del Invima,Sistema de salud y aseguramiento,Si,
31,352,0.53,ministro|ministro salud|jaramillo|guillermo|salud guillermo|alfonso jaramillo|guillermo alfonso|guillermo jaramillo|alfonso|censura,"El ministro de Salud, Guillermo Alfonso Jaramillo, arremete contra Sanitas. El gobierno nada que devuelve la EPS ||| Guillermo Alfonso Jaramillo no renunció al Ministerio de Salud y no podrá ser candidato a la Presidencia en 2026 ||| Chats de exasesor de Guillermo Alfonso Jaramillo revelarían red de clientelismo en Ministerio de Salud ||| Angélica Lozano dijo que Guillermo Jaramillo debió ser el ministro de salud desde el primer momento ||| Así fue la posesión de Guillermo Alfonso Jaramillo como nuevo Ministro de Salud",Ministro de Salud (Guillermo Alfonso Jaramillo),Politica sanitaria e institucional,Si,
32,345,0.52,medicamentos colombia|medicamentos|colombia|escasez|drogas|consumo drogas|escasez medicamentos|desabastecimiento|bogotá|consumo,"""Colombia es el país número uno en ventas del medicamento Engystol de Heel"" ||| Medicamentos en Colombia: Minsalud dice si hay escasez y qué planes hay ||| 'Colombia no debe depender de la importación de medicamentos': minsalud ||| Minsalud descarta desabastecimiento generalizado de medicamentos en Colombia | Gobierno | Economía ||| Corte Constitucional hace preocupante radiografía sobre entrega de medicamentos en Colombia",Escasez de medicamentos y consumo de drogas,Sistema de salud y aseguramiento,Si,
33,342,0.51,asesinado|medellín|médico|medicina legal|legal|médico medellín|asesinato|asesinan|medicina|bala,"Quién es 'el Cirujano', hombre que fue asesinado en Medellín por oscuro pasado ||| Médico de Medellín denunció en la CIDH maltrato en aeropuerto de Cancún ||| Asesinato de médico en Medellín: dan detalles de la relación con el homicida ||| Así descubrieron el macabro libro en el que un paciente anticipó el crimen de médico en Medellín ||| Las cinco escalofriantes confesiones del paciente que asesinó a médico en Medellín",Homicidios de personal medico,Violencia y salud,Si,
34,336,0.5,cáncer|pacientes cáncer|tipo cáncer|cáncer cáncer|síntoma|tipos cáncer|tratamiento|tipos|detectar|tipo,Hacia un modelo de control del cáncer con protección social integral ||| Los medicamentos esenciales redefinen la equidad de la oncología ||| El derecho al olvido oncológico ||| Más allá del olvido oncológico ||| Un llamado a la acción para la eliminación de barreras en el acceso a la prevención y tratamiento del cáncer,"Cancer (general, tipos y tratamiento)",Enfermedades cronicas y no transmisibles,Si,
35,334,0.5,deuda|hospitales|deudas|millones|clínicas|mil millones|deuda eps|billones|hospitales clínicas|deudas eps,Crece la preocupación por situación de hospitales y clínicas por deudas de EPS ||| Clínica San Juan de Dios de La Ceja corta servicios a Savia Salud por millonaria deuda que no ha sido saldada desde junio ||| Informe advierte que 315 hospitales públicos requieren medidas financieras extraordinarias; la Nueva EPS concentra el 32 % de cartera vencida con ESE ||| A $ 15 mil millones ascienden las deudas de la Nueva EPS con el Hospital Infantil de Manizales ||| Preocupación en una clínica de Manizales por las millonarias deudas que deja Asmet Salud,Deuda de EPS con hospitales y clinicas,Sistema de salud y aseguramiento,Si,
36,324,0.49,eps colombia|colombia|eps|colombia eps|sisbén|colombianos|sisbén colombia|afiliados|sura|compensar,"EPS en Colombia: lo que debes saber sobre el cambio que afectará a millones de afiliados ||| Definen el futuro de la EPS Famisanar en Colombia ||| La verdad detrás de intervenciones a las EPS en Colombia y consecuencias ||| ¿Cuándo poner una tutela a la EPS en Colombia? Así es como debe presentarla ||| Sura, Compensar y Sanitas: EPS en Colombia que están por entrar en liquidación",Afiliacion y cobertura de EPS,Sistema de salud y aseguramiento,Si,
37,324,0.49,sistema salud|sistema|crisis|crisis salud|salud crisis|salud|salud salud|crisis sistema|salud sistema|salud pasto,"El sistema de salud: se aproxima el fin ||| La salud está en juego ||| ""Año trágico"", así define Centene a la industria de la salud tras caso de UnitedHealth ||| Crisis ""explícita"" en salud | El Nuevo Siglo ||| Crisis de la salud está afectando a pacientes y médicos: Sindicato Nacional de Otorrinolaringólogos",Crisis del sistema de salud,Sistema de salud y aseguramiento,Si,
38,312,0.47,vih|sida|casos vih|vih sida|pruebas|pacientes vih|casos|pruebas vih|lucha vih|cura vih,"Joven ibaguereña ruega la ayuda de su EPS tiene VIH y está en una cama ||| Medellín debe atender a migrante en la calle con VIH así no tenga papeles ||| El diario que madre le escribió a su hija antes de morir por VIH ||| Se cumplen 40 años del descubrimiento del virus del sida ||| ¡Repugnante! Violó y contagió de VIH a un niño, que murió en 2022",VIH/sida,Enfermedades transmisibles,Si,
39,312,0.47,desnutrición|desnutrición infantil|guajira|desnutrición guajira|infantil|niños|menores|muertes desnutrición|menores años|icbf,Varios niños muertos por tiroteo en una heladería en EE. UU. ||| 24% de muertes por desnutrición infantil en el país fueron en La Guajira ||| OMS detecta malnutrición en un 7 % de los niños gazatíes examinados tras el alto el fuego ||| Buscan disminuir la desnutrición en La Guajira a través de la atención médica y campañas preventivas ||| Cereté le hace frente a la pobreza y la desnutrición con el programa Hambre Cero,Desnutricion infantil (La Guajira),Nutricion y seguridad alimentaria,Si,
40,305,0.46,aviar|gripe aviar|gripe|influenza aviar|aves|influenza|humanos|caso|brote gripe|aviar colombia,"Procuraduría alerta por presencia de la influenza aviar en el país ||| Europa vive la gripe aviar ""más devastadora"" de su historia ||| Ministerio de Agricultura de Brasil confirma primer brote de gripe aviar en una granja ||| FAO activa protocolos ante brotes de influenza aviar en Latinoamérica ||| FAO insta a reforzar medidas para frenar la expansión de la gripe aviar | Agro | Economía",Gripe aviar,Enfermedades transmisibles,Si,
41,302,0.45,alimentos|comer|beneficios|beneficios salud|nutrición|salud comer|salud alimentos|mejorar salud|salud beneficios|come,"¿Es mejor hacer tres comidas grandes o cinco pequeñas al día? Esto es lo que más favorece su salud, según los expertos ||| ¿Plástico o madera? La mejor tabla para picar alimentos, según expertos: ""Cuida salud y el cuchillo"" ||| Alimentos buenos para la salud y que ayudarían a vivir una vida larga ||| ¿Quiere mejorar su salud? Estos son los alimentos que debe eliminar según Harvard ||| ¿Qué pasa si come moras todos los días? Los efectos en su salud y cambios en el cuerpo",Alimentacion saludable y nutricion,Nutricion y seguridad alimentaria,Si,
42,294,0.44,sancho|daniel sancho|arrieta|edwin|edwin arrieta|daniel|tailandia|colombiano|médico colombiano|colombiano edwin,"Criminóloga contó que dialogó con Daniel Sancho, asesino del médico Edwin Arrieta; esto dijo ||| Médico Edwin Arrieta asesinado en Tailandia: Daniel Sancho conocerá condena ||| Daniel Sancho, en juicio, detalla crimen contra médico colombiano en Tailandia ||| Edwin Arrieta, médico asesinado en Tailandia, le prestó dinero a Daniel Sancho ||| Hermana de Edwin Arrieta indignada por las palabras del padre de Daniel Sancho en un documental, pide respeto por la muerte del cirujano",Caso Daniel Sancho / Edwin Arrieta (medico colombiano),Excluir (no-salud),No,"Caso judicial/criminal de un medico asesinado en Tailandia; nota de sucesos, no agenda sanitaria."
43,291,0.44,gaviria|alejandro gaviria|alejandro|césar gaviria|césar|salud alejandro|gaviria reforma|salud césar|reforma salud|reforma,"Ministerio de Salud rendirá cuentas en Garzón sobre inversiones y avances en el Huila ||| Ministro convocó de manera ilegal una sesión ordinaria ""esto mata la reforma de salud"": Lina Garrido ||| Alejandro Gaviria lanza cuestionamiento por aprobación de la reforma a la salud en la Cámara: ""Sin pudor"" ||| Tengo preocupación por la reforma a la salud: exministro Gaviria ||| Gobierno Nacional le responde a César Gaviria: ""Pretender mantener la Ley 100 de salud es ilusorio""",Exministros de salud y reforma (Gaviria),Politica sanitaria e institucional,Si,
44,257,0.39,vacunas|vacunación|bogotá|vacunas colombia|sinovac|fábrica|fábrica vacunas|vacuna|covid|covid 19,Bogotá tendrá su propia planta de producción de vacunas ||| 'Colombia debe aumentar la producción de medicinas y vacunas': presidente de Ascif ||| El médico que liderará el desafío de producir vacunas en Bogotá con el apoyo de los chinos de Sinovac ||| La fábrica de vacunas de Bogotá pone gerente a la medida de Galán ||| Firman convenio para construir la primera fábrica de vacunas en Bogotá,Produccion y jornadas de vacunacion COVID,Vacunacion e inmunizacion,Si,
45,256,0.38,cámara|salud cámara|debate|cámara representantes|plenaria|plenaria cámara|debate reforma|representantes|reforma salud|reforma,"Reforma a la salud sigue viva en la Cámara: ¿qué sigue para el proyecto? ||| Reforma a la salud: Adres, el ganador tras la aprobación del artículo 60 en la Comisión Séptima de la Cámara ||| Reforma a la salud: así avanza la recta final del primer debate en la Cámara ||| Reforma a la salud: con 320 nuevas proposiciones la Cámara discutirá hoy el articulado ||| Cámara discutiría reforma a la salud pese a ""congelamiento"" de agenda de Petro",Debate de la reforma a la salud (Camara de Representantes),Politica sanitaria e institucional,Si,
46,256,0.38,respiratorias|enfermedades respiratorias|infecciones respiratorias|infecciones|enfermedades|asma|agudas|respiratorias agudas|aumento infecciones|respiratoria,Aumentan las Infecciones Respiratorias Agudas en Cúcuta ||| Enfermedades respiratorias aumentarán en diciembre ||| Aumentarán enfermedades respiratorias en diciembre: INS ||| Aumenta mortalidad por infecciones respiratorias agudas en Valledupar ||| Gobernación del Atlántico entrega recomendaciones para prevenir infecciones respiratorias agudas,Enfermedades respiratorias agudas,Enfermedades transmisibles,Si,
47,252,0.38,partido|conservadores|conservador|liberal|partido liberal|partido conservador|liberales|salud partido|reforma salud|salud conservadores,"Reforma a salud se queda sin respaldo conservador, liberal y la U ||| Con firmas de conservadores y La U, fue radicada ponencia de reforma a la salud ||| La U y conservadores se alejan de la reforma a la salud ||| Los detalles de la reforma a la salud que colmaron la paciencia del Conservador y de la U ||| Reforma a la salud pierde apoyo del Partido Conservador y Partido de La U",Posicion de partidos politicos sobre la reforma a la salud,Politica sanitaria e institucional,Si,
48,248,0.37,donación|trasplante|órganos|riñón|donación sangre|sangre|renal|cerdo|trasplantes|riñones,"¿Qué tiene que ver la aparición de ojeras con una enfermedad en los riñones? ||| En el mundo 1 de cada 10 personas se ve afectada por enfermedad renal crónica ||| Trasplante renal, la mejor opción para enfermos renales ||| 'Tiktoker' creía tener cálculos renales, pero médico le informó que sería madre ||| Donación de sangre: alerta por escasez de reservas en Colombia",Donacion de organos y trasplantes,Servicios medicos y atencion clinica,Si,
49,238,0.36,fiebre amarilla|amarilla|fiebre|casos fiebre|emergencia|casos|brote fiebre|emergencia sanitaria|sanitaria|sanitaria fiebre,Descartan casos de fiebre amarilla en el Huila ||| Alerta roja en la red hospitalaria del Putumayo por fiebre amarilla ||| Alerta Roja por fiebre amarilla en el Huila ||| Alerta epidemiológica por fiebre amarilla en Neiva ||| Cuáles son los síntomas de la fiebre amarilla; evite contagiarse,Fiebre amarilla (brote y emergencia sanitaria),Enfermedades transmisibles,Si,
50,238,0.36,aborto|derecho|derecho aborto|trump|corte|florida|derecho fundamental|prohibición aborto|prohibición|fundamental,"Aborto EE.UU.: las restricciones crecen cada vez más ||| Gobierno Petro arrancó una defensa frontal del ""derecho fundamental"" al aborto ||| Aborto: Minjusticia no reabrirá discusión pese a demanda en Corte Constitucional ||| Denuncian a las EPS y hospitales que siguen negando el derecho al aborto ||| Incoherencia gubernamental frente al aborto",Derecho al aborto (debate internacional),Salud sexual y reproductiva,Si,
51,233,0.35,cáncer|calero|carlos calero|esposa carlos|carlos|esposa|lucha cáncer|lucha|actriz|actor,"Valiente relato: Ana Vargas, periodista de W Radio, contó su lucha contra el cáncer de seno ||| Periodista de la W Ana Vargas reveló que tiene cáncer de seno etapa tres ||| Exesposa de Hassam, Tatiana Orozco, lo acusó de serle infiel, pese al cáncer ||| Edith, la fanática que no pudo cumplirle la cita a Diomedes Díaz: el cáncer la venció ||| Ana de Nadie: Genoveva confirma que tiene cáncer",Cancer de figuras publicas (Carlos Calero),Enfermedades cronicas y no transmisibles,Si,
52,226,0.34,heridos|accidente|avioneta|hospital militar|militar|soldados|eln|militares|atentado|heridos accidente,"Piloto tuvo un infarto en pleno vuelo entre Miami y Santiago de Chile, luego murió tras un aterrizaje de emergencia ||| Piloto fallece tras complicaciones de salud durante un vuelo de Estados Unidos a Chile ||| AMLO lo logró: Presidente de México confirma venta del avión presidencial; dijo que destinará la plata para construir dos hospitales ||| Accidente de aeronave en Bogotá: primer parte médico de heridos ||| Mike Tyson: la emergencia médica que tuvo en un vuelo entre Miami y Los Ángeles",Heridos en accidentes/atentados (atencion hospitalaria),Excluir (no-salud),No,Enfoque en el suceso/conflicto armado; el hospital aparece solo como destino de heridos.
53,225,0.34,viral|redes|viral redes|yailin|yailin viral|reto viral|reto|volvió viral|redes sociales|vuelve viral,"Tik Tok: empleada de Oxxo se hizo viral al revelar su sueldo ||| Yailín 'La más viral' alardeó de la nueva mansión que está estrenando: Yailín 'La más viral' alardeó de la nueva mansión que está estrenando; ¿quién se la dio? | Actualidad ||| Loro se hace viral por dañar entrada a concierto de Bad Bunny en Paraguay: foto ||| Lady Gaga hizo el trend de Merlina que es viral en TikTok ||| Yailin, la más viral, presumió su pronunciada barriga en extravagante atuendo",Contenido viral en redes sociales,Excluir (no-salud),No,Entretenimiento/farandula viral sin relacion con salud.
54,224,0.34,cáncer mama|mama|cáncer|mama cáncer|detección|mujeres|lucha cáncer|temprana|detección temprana|mama hombres,"Los aliados claves para la detección temprana del cáncer de mama ||| Ensalud, referente en la detección del cáncer de mama ||| Cáncer de mama: 10 prácticas para mejorar la calidad de vida con esta enfermedad ||| Si se detecta a tiempo, el cáncer de mama es curable ||| Esta sería la nueva edad a la que las mujeres deberían realizarse una mamografía, según la medicina",Cancer de mama y deteccion temprana,Enfermedades cronicas y no transmisibles,Si,
55,221,0.33,petro|eps|gustavo petro|gustavo|gobierno petro|presidente|eps presidente|petro eps|presidente petro|eps petro,"Espaldarazo de Petro a su minSalud Corcho en la reforma a las EPS ||| Más críticas por cambios a las EPS, y Petro insiste en llamar a las calles ||| Petro se echó para atrás y no le pondrá los santos oleos a las EPS ||| Critican en redes al presidente Petro y a la ministra Corcho por no estar afiliados a la Nueva EPS ||| Presidente Petro defiende el polémico papel de pagador de la Adres e insiste en su visión sobre las EPS",Gobierno Petro y las EPS,Politica sanitaria e institucional,Si,
56,220,0.33,senado|senadores|comisión|senado reforma|séptima senado|séptima|comisión séptima|salud senado|reforma salud|reforma,En alerta: Senado aprobó artículos clave de la reforma a la salud camuflados en el Plan de Desarrollo ||| Contrarreforma de la salud también con pronóstico reservado en el Senado ||| La reforma a la salud necesita una amplia revisión en el Senado ||| Reforma a la salud presentada por la oposición avanza en el Senado ||| Representante Juan Espinal dice que Senado hundirá la reforma de la salud,Debate de la reforma a la salud (Senado),Politica sanitaria e institucional,Si,
57,219,0.33,medicamentos|entrega medicamentos|entrega|medicamentos eps|colsubsidio|eps|usuarios eps|usuarios|eps sanitas|sanitas,Emitirán circular para que EPS entreguen medicamentos ||| Más de 375.000 afiliados de EPS Sanitas en Santander se afectarían con la suspensión en la entrega de medicamentos ||| Sanitas llega a acuerdo con nueva empresa para entrega de medicamentos ||| EPS Sanitas: usuarios tendrían problema por medicamentos de alta complejidad ||| EPS lanzan plan de contingencia para asegurar la entrega de medicamentos durante bloqueos,Entrega de medicamentos por EPS,Sistema de salud y aseguramiento,Si,
58,218,0.33,dosis|dosis marihuana|marihuana|dosis droga|droga|mil dosis|000 dosis|incautan|bazuco|capturan,"Tráfico en Ibagué: encuentran a mujer con 25 dosis de bazuco ||| Extranjero fue capturado con 39 dosis de bazuco ||| En La Paz capturaron a un sujeto con medicamentos irregulares ||| 20 dosis de bazuco pagaron por dejar la bomba en el parque Mercedes, de Cúcuta ||| Sentencia con dosis de restauración",Incautacion de drogas ilicitas,Excluir (no-salud),No,"Noticia de seguridad/orden publico sobre incautacion de drogas, no agenda de salud publica."
59,212,0.32,fiebre amarilla|amarilla|fiebre|vacunación fiebre|vacunación|vacuna fiebre|vacunarse fiebre|vacunarse|vacunas fiebre|carnet,Preocupación en Natagaima por baja cobertura en vacunación contra la fiebre amarilla ||| Vacunación: la mejor defensa contra la fiebre amarilla: Salud Distrital ||| Inició la vacunación contra la fiebre amarilla en el aeropuerto y el Terminal de Ibagué ||| Alerta en Cúcuta: autoridades advierten sobre engañosa vacuna contra la fiebre amarilla ||| Fiebre amarilla: Dadis refuerza vigilancia y vacunación,Vacunacion contra fiebre amarilla,Vacunacion e inmunizacion,Si,
60,203,0.3,intoxicación|intoxicación masiva|masiva|colegio|estudiantes|niños|investigan|masiva colegio|ricaurte|menores,"Intoxicación masiva de estudiantes en colegio de Pereira, en Risaralda ||| Descontento por casos de intoxicación en CDI en Soledad ||| Investigan la intoxicación de 12 estudiantes en Aguachica, sur del Cesar ||| 'Masterchef': intoxicación de 44 personas durante prueba de campo ||| Investigan cuál fue el origen de intoxicación entre menores en Flandes",Intoxicacion alimentaria masiva en colegios,Nutricion y seguridad alimentaria,Si,Brote de intoxicacion en instituciones educativas; clasificado en seguridad alimentaria por afinidad tematica.
61,202,0.3,virus|nipah|oropouche|virus nipah|virus oropouche|símica|viruela símica|viruela|peligroso virus|peligroso,"EPS, botín de los parásitos estatales ||| Virus sincitial: ¿Qué es, síntomas y cómo se contagia? ||| Virus Nipah | Levantan tiendas de campaña de riesgo biológico en Dover, Reino Unido, tras la llegada de inmigrantes desde Francia ||| ¿Covid o virosis, cuál es el virus que circula actualmente en el país? ||| Virus Oz: la nueva enfermedad que ya acabó con la vida de una persona, no tiene vacuna y prende alarmas en el mundo","Virus emergentes (Nipah, Oropouche, viruela simica)",Enfermedades transmisibles,Si,
62,195,0.29,shakira|padre|padre shakira|salud padre|mebarak|william mebarak|papá|papá shakira|william|rihanna,"Papá de Shakira está hospitalizado en Barcelona por ""reservado"" estado de salud ||| ¡Conmovedor! Shakira besa los pies de su papá mientras lo acompaña en una de sus terapias ||| Papá de Shakira habría fue hospitalizado al sufrir un derrame cerebral ||| Shakira se encuentra en Barranquilla por salud de su padre William Mebarak ||| Shakira habló sobre la salud de su padre con maestra de infancia en Barranquilla",Salud del padre de Shakira (figura publica),Servicios medicos y atencion clinica,Si,
63,192,0.29,dormir|sueño|psicología|duerme|significa|insomnio|melatonina|salud dormir|psicología significa|cama,"Beneficios de dormir desnudo: Dormir desnudo, ¿qué beneficios trae para la salud? | Tendencias ||| ¿Cómo afecta la apnea del sueño la salud de las personas? Experto lo explica ||| ¿Cuál es la hora correcta para realizar una siesta? Esto dicen expertos en salud ||| Calvicie y sobrepeso, algunos de los efectos del no tener un sueño adecuado ||| Alzheimer: este es el número de horas que debe dormir para reducir el riesgo de esta enfermedad",Salud del sueno e insomnio,Salud mental y conducta suicida,Si,
64,191,0.29,china|covid|covid 19|19|respiratorias china|19 china|covid china|respiratorias|origen covid|origen,"China confina a Chengdu, ciudad de 21 millones de habitantes por Covid-19 ||| Alerta en China: confinó a ciudad de 21 millones de habitantes por un rebrote de covid ||| Wuhan, ciudad china donde empezó covid-19 en confinamiento ||| China confina, otra vez, a casi un millón de habitantes de Wuhan por rebrote de covid-19 ||| China registró récord de nuevos casos diarios de covid-19",Origen del COVID-19 (China),Enfermedades transmisibles,Si,
65,186,0.28,gobierno|salud gobierno|reforma salud|reforma|gobierno economía|economía|economía gobierno|decreto|proyecto gobierno|gobierno gobierno,Reacciones a borrador de la Reforma a la Salud del Gobierno ||| Gobierno da indicios de reforma a la salud ||| Gobierno aplaza presentación de Reforma a la Salud ||| Reforma a la Salud: esto es lo que ha dicho el Gobierno ||| Gobierno presentará reforma a la salud en el primer trimestre de 2023,Decretos de gobierno sobre reforma a la salud,Politica sanitaria e institucional,Si,
66,186,0.28,congreso|congresistas|congreso reforma|reforma salud|reforma|salud congreso|salud congresistas|congresista|salud reforma|salud,"Reforma a la salud podría caerse en el Congreso, con negativas de varios partido ||| Agmeth Escaf dijo que reformas a la salud se podrán acumular en el Congreso ||| ¿Qué va a pasar con el congresista de la U que firmó la ponencia de la reforma a la salud? Esto es lo que baraja el partido ||| La reforma a la salud quedó radicada en el Congreso con el apoyo de seis partidos ||| Ministra corcho dice que será el congreso el que decida la Reforma A La Salud",Tramite de la reforma a la salud en el Congreso,Politica sanitaria e institucional,Si,
67,182,0.27,obesidad|peso|sobrepeso|bajar peso|perder peso|lilly|perder|bajar|eli|eli lilly,¿A quién ataca más la obesidad en Norte de Santander? ||| EEUU lanzó millonario plan para combatir el hambre y la obesidad ||| Campaña mundial contra el sobrepeso y la obesidad llega a tres empresas en Barranquilla ||| Ranking de países con mayor tasa de obesidad ||| Las personas con obesidad podrán tener 5 años menos de vida,Obesidad y control de peso,Enfermedades cronicas y no transmisibles,Si,
68,181,0.27,sexual|menopausia|transmisión sexual|salud sexual|transmisión|sexo|enfermedades transmisión|masculina|síntomas menopausia|síntomas,"En el día de la salud sexual, te contamos 10 cosas que deberías saber sobre el sexo ||| Sexo en exceso: ¿puede tener efectos negativos para la salud? ||| Hombre con pareja de trapo sufre de agalmatofilia; extraña enfermedad sexual ||| ¿Adicto al sexo? Las claves para saber si usted requiere tratamiento ||| Salud mental y educación sexual, de lo que poco se habla en los colegios",Salud sexual y menopausia,Salud sexual y reproductiva,Si,
69,181,0.27,incendio|pólvora|quemados|ins|incendios|quemados pólvora|lesionados|lesionados pólvora|quemaduras|clínica fundadores,"Pilas con la pólvora, el covid y los accidentes: recomendaciones para disfrutar este fin de año ||| Incendio en hospital del Norte de Bucaramanga ||| Un celular habría causado el incendio en una casa de Itagüí que dejó tres personas en UCI ||| Instituto Nacional de Salud revela cifras de personas quemadas por pólvora ||| Reporte de quemados en Colombia entregado por INS: más de 400 lesionados",Quemados por polvora (fin de ano),Servicios medicos y atencion clinica,Si,Emergencia sanitaria estacional recurrente en Colombia (lesiones por polvora en diciembre).
70,180,0.27,diabetes|diabetes tipo|tipo|diabético|pie diabético|pie|mundial diabetes|prevenir|controlar diabetes|diabetes enfermedad,Síntomas del pie diabético: cinco consejos para prevenir las lesiones ||| Consecuencias de tener diabetes tipo 2 ||| Cómo saber si tengo diabetes ||| Mitad de los diabéticos desarrollará neuropatía diabética periférica ||| ¿Cómo empieza una úlcera en el pie diabético?,Diabetes,Enfermedades cronicas y no transmisibles,Si,
71,176,0.26,cardiovascular|corazón|cardíaca|salud cardiovascular|cardíaco|insuficiencia|cardiaco|insuficiencia cardíaca|enfermedad cardiovascular|paro,"Cáncer: algunos de sus tipos están relacionados con problemas cardíacos ||| Qué es un paro cardiaco: señales de alarma y cómo identificarlo. ||| Paro cardíaco, ¿qué es y cómo evitarlo? ||| Soplo cardíaco: ¿Qué síntomas indican que se padece esta condición? ||| Angina de pecho, el síntoma de la enfermedad de las arterias coronarias",Enfermedades cardiovasculares,Enfermedades cronicas y no transmisibles,Si,
72,173,0.26,bacteria|antibióticos|pescado|bacterias|peces|coli|resistencia|antibiótico|brote|pescado semana,"Urgente: Escasez de antibióticos y hasta de un anticonceptivo en Cali ||| ¿El pez globo es un plato de comida venenoso? Yeferson Cossio lo comió y quedó hospitalizado ||| Resistencia antimicrobiana, la pandemia silenciosa que se debe combatir ||| Hay alerta en cinco países de Europa por brote de salmonelosis ligado a la carne de kebab ||| Secretaría de Salud incrementa los controles a establecimientos de venta de pescado",Resistencia antimicrobiana y brotes bacterianos,Enfermedades transmisibles,Si,
73,172,0.26,gobierno|eps|gobierno eps|eps sanitas|sanitas|intervención|eps gobierno|intervención gobierno|consejo|junta directiva,"""El Gobierno sabía del riesgo que estaba causando la EPS"" ||| Esta sería la ruta que usaría el Gobierno para acabar las EPS ||| 'El tijeretazo' del Gobierno a las EPS ||| 3 cosas que cambian para las EPS y cómo serán nuevas instituciones del Estado ||| Así acabará el Gobierno con las EPS",Intervencion estatal de EPS (Sanitas),Sistema de salud y aseguramiento,Si,
74,168,0.25,centro salud|tumaco|rural|distrito|centro|atención|jornada|habitantes|salud distrito|ciudad,Pacientes llevan del bulto con crisis de Metrosalud: les toca cruzar media ciudad ||| En Sabanagrande realizan jornada de salud a través del programa Bienestar a tu Barrio ||| Instituciones de salud en Risaralda se expanden ||| Así va el mejoramiento de puesto de Salud de San Rafael de Lebrija ||| Brigada de salud irá hasta el 21 de abril,Centros de salud rurales,Sistema de salud y aseguramiento,Si,
75,163,0.24,superintendente|carlos leal|leal|luis carlos|superintendente salud|luis|renuncia|carlos|salud luis|nacional salud,"Giovanny Rubiano sería el director del Instituto Nacional de Salud ||| Angie Rodríguez, directora del Dapre, renuncia a cargo como superintendente ad hoc para la Nueva EPS: asegura que estarían cobrando coimas a su nombre ||| Luis Carlos Leal, exsuperintendente de Salud, renunció a su precandidatura presidencial ||| ¿Luis Carlos Leal dejará la Superintendencia de Salud?: esto se sabe ||| Luis Carlos Leal, superintendente de Salud, sale de su cargo",Superintendente Nacional de Salud (renuncia),Politica sanitaria e institucional,Si,
76,162,0.24,enfermera|enfermero|enfermera murió|murió|moto|accidente|enfermeros|murió enfermera|ciénaga oro|farc,"Falleció enfermero involucrado en accidente en Ciénaga de Oro ||| En libertad, enfermera de Primera Línea investigada por crimen de policía ||| Enfermero confesó haber asesinado alrededor de 20 pacientes con covid-19 que estaban en fase terminal ||| ¡Repudio y dolor! Asesinan a una enfermera para robarle la moto ||| Luego de dos semanas hospitalizada, murió enfermera que fue violada y torturada en Perú",Muerte de personal de enfermeria (accidentes/conflicto),Violencia y salud,Si,
77,155,0.23,cáncer colombia|cáncer|colombia|colombia cáncer|pacientes cáncer|casos cáncer|cáncer próstata|oncológico|próstata|avanza colombia,"Advierten que Colombia se estaría quedando sin cómo diagnosticar el cáncer ||| La Liga Colombiana Contra el Cáncer derribará los mitos sobre esta enfermedad ||| Así han avanzado los tratamientos para pacientes con cáncer en Colombia ||| Avance en tratamientos para pacientes con cáncer en Colombia ||| Diagnosticar a tiempo, el desafío de Colombia para avanzar en la lucha contra el cáncer",Cancer en Colombia (prostata),Enfermedades cronicas y no transmisibles,Si,
78,154,0.23,salud minsalud|minsalud|minhacienda|decreto|salud minhacienda|reforma salud|reforma|fiscal|mininterior|aval fiscal,"MinSalud desmiente filtraciones sobre reforma a la salud ||| Minsalud desmiente versión de reforma a la salud que circula en redes ||| Minsalud, Carolina Corcho, molesta con Partido de la U por reforma a la salud ||| MinSalud se reunirá este sábado para revisar propuesta de reforma a la salud antes de ir al Congreso ||| Minsalud estaría convenciendo al Partido de La U de apoyar reforma a la salud",Aval fiscal a la reforma a la salud,Politica sanitaria e institucional,Si,
79,153,0.23,audifarma|cruz verde|cruz|verde|medicamentos|entrega medicamentos|medicamentos audifarma|sanitas|entrega|pbs,Hackearon Audifarma: afectada entrega de medicamentos ||| Australia aprueba uso médico de éxtasis y hongos alucinógenos | Internacional ||| Nueva EPS y Audifarma restablecerán entrega de medicamentos ||| Audifarma anunció retiro progresivo de servicios a Nueva EPS ||| Audifarma no daría más medicamentos a usuarios de Nueva EPS: dicen qué pasó,"Entrega de medicamentos (Audifarma, Cruz Verde)",Sistema de salud y aseguramiento,Si,
80,153,0.23,alzheimer|alzhéimer|demencia|síntoma|fármaco|enfermedad|medicamento|síntoma alzheimer|mundial alzheimer|síntomas,Ahora se podrá saber si una persona sufrirá demencia nueve años antes del diagnóstico ||| Cambios en el humor constantes podrían ser un síntoma del Alzheimer ||| Diagnostican al paciente más joven con alzhéimer: tiene 19 años ||| Alzheimer: ¿Es cierto que las personas más educadas tienen menos riesgo de sufrir la enfermedad? ||| Un nuevo capítulo del Alzheimer gracias al cerebro de un paciente paisa,Alzheimer y demencia,Enfermedades cronicas y no transmisibles,Si,
81,149,0.22,alcohol|bebidas|cerveza|licor|beber|bebida|consumo|bebidas energizantes|energizantes|riesgo cáncer,"Hígado graso no alcohólico: una enfermedad silenciosa ||| Qué beneficios tiene la cerveza para la salud ||| Consumir trago moderadamente no tiene beneficios para la salud, según estudio ||| Tequila: la bebida que ayuda a mejorar la salud; estos son sus 9 beneficios ||| Joven contó su experiencia por consumir licor adulterado; le afectó su salud",Consumo de alcohol y riesgo de cancer,Enfermedades cronicas y no transmisibles,Si,
82,145,0.22,diego guauque|guauque|diego|cáncer diego|séptimo|guauque séptimo|cáncer|esposa diego|periodista|guauque habló,"Diego Guauque, de 'Séptimo Día', necesita otra cirugía por cáncer ||| Casi llorando, Diego Guauque contó cómo van sus quimioterapias contra cáncer ||| Diego Guauque (Séptimo día) enfrenta al cáncer: bajó de peso y habló de quimios ||| Diego Guauque da un nuevo reporte de su salud, pronto iniciará quimioterapias ||| A Diego Guauque le hicieron mal una cirugía en medio de su cáncer",Cancer de figura publica (Diego Guauque),Enfermedades cronicas y no transmisibles,Si,
83,144,0.22,mental|salud mental|mental colombia|colombianos|colombia|mental bogotá|depresión|mental colombianos|jóvenes colombia|trastorno mental,"'Te escucho', la iniciativa que ayudó a la salud mental de los habitantes de Los Algarrobillos  | El Pilón | Noticias de Valledupar, El Vallenato y el Caribe Colombiano ||| Procuraduría pidió incluir enfoque integral para atender salud mental en Colombia ||| La salud mental destroza a los colombianos ||| Salud mental en Colombia después de la pandemia ||| Salud mental de los empleados en Colombia debe ser una prioridad",Salud mental en Colombia (depresion),Salud mental y conducta suicida,Si,
84,142,0.21,murió|cáncer murió|cáncer|murió cáncer|actriz|falleció|actor|años|lucha cáncer|influencer,"Murió 'influenciadora' Elena Huelva en España, luego de luchar contra el cáncer ||| Falleció la actriz Kirstie Alley luego de una breve batalla contra el cáncer ||| Murió Elena Huelva, la influencer que luchó 4 años contra el cáncer ||| Falleció el guitarrista de la banda ABBA de cáncer ||| Murió Edilia Mendoza Roa, premio nacional de DD. HH., por culpa de un cáncer",Muertes por cancer de figuras publicas,Enfermedades cronicas y no transmisibles,Si,
85,141,0.21,arterial|presión|presión arterial|hipertensión|arterial alta|hipertensión arterial|alta|efectos consumo|bajar|bajar presión,A Iván René Valenciano le diagnosticaron hipertensión arterial ||| Cuál es el nivel adecuado de presión arterial en los adultos ||| Tipo de sangre que tiene más riesgo de sufrir hipertensión e insomnio ||| Con estas señales se puede identificar si una persona tiene la presión arterial muy baja ||| ¿Es malo dormir teniendo la presión arterial alta?,Hipertension arterial,Enfermedades cronicas y no transmisibles,Si,
86,137,0.21,psicología|significa|psicología significa|significa persona|persona|alguien|significa alguien|celular|personalidad|tiempo psicología,"Pandemia de intemperancia verbal - Foro del lector - Cartas - Opinión ||| Qué significa que una persona diga que vio extraterrestres, según la psicología ||| ¿Por qué una persona interrumpe constantemente en una conversación? Esto explica la psicología ||| Qué significa que una persona siempre quiera tener la razón, según la psicología ||| Qué significa hablar solo en voz alta, según psicología: verdad de ese fenómeno",Psicologia popular (test de personalidad),Excluir (no-salud),No,"Contenido de entretenimiento pseudopsicologico, no es informacion clinica de salud mental."
87,136,0.2,enfermedades huérfanas|huérfanas|pacientes enfermedades|enfermedades|niños|pacientes|hijos|padres|huérfanas riesgo|salud salvar,"Subsidio a familias para salud y educación de niños, dará Prosperidad Social. ||| Padres de niña con piel de mariposa piden a EPS entrega de medicamentos a la menor ||| Reforma a la salud podría salvar más vidas de niños: ICBF ||| Salud bucal en niños de 5 a 9 años: ¿qué recomendaciones existen? ||| ICBF apoya el proyecto de la reforma a la salud: podría salvar niños",Enfermedades huerfanas,Enfermedades cronicas y no transmisibles,Si,
88,136,0.2,intoxicación|intoxicación bogotá|adulterado|licor|licor adulterado|niñas|bogotá|muerte|juan nepomuceno|nepomuceno,"Niña de dos años murió por aparente intoxicación tras consumir comida rápida en Albania ||| Menor de dos años falleció por intoxicación tras comer una salchipapa en La Guajira ||| Cinco personas murieron por intoxicación en San Juan Nepomuceno, Bolívar ||| Joven murió luego de intoxicación masiva por comida en la Asamblea Nacional de Juventudes: familiares denuncian presunta negligencia ||| Bebé muere por intoxicación tras comer pepito en Maturín, Venezuela",Intoxicacion por licor adulterado,Nutricion y seguridad alimentaria,Si,Emergencia de salud publica por consumo de alcohol adulterado (metanol); clasificado por afinidad tematica.
89,133,0.2,estudiante medicina|estudiante|desaparecida|sevilla|tatiana hernández|secuestrada|tatiana|desaparecida cartagena|sevilla valle|hernández,"Lanzaron a un abismo a reconocido médico en medio de un robo en Dosquebradas ||| Nuevo caso de justicia por mano propia en Ibagué deja a dos presuntos delincuentes en el hospital ||| Borrachos atacaron a médicos en hospital de Soledad, Atlántico ||| Maria Camila Plazas: capturado busca ser declarado paciente siquiátrico ||| Policía busca a delincuente que se fugó en medio de una cita médica en Bogotá",Desaparicion de estudiante de medicina,Excluir (no-salud),No,Caso de seguridad/desaparicion de una persona que estudiaba medicina; el hecho no es sanitario.
90,132,0.2,motociclista|moto|ciclista|uci|accidente|murió|accidente moto|motocicleta|chocar|bicicleta,"Conductor atropelló a dos motociclistas esta madrugada en Ibagué: se encuentran en delicado estado de salud ||| Motociclista en delicado estado de salud al chocar contra una volqueta en Neiva ||| El covid sigue afectando el deporte, esta vez a la Fórmula Uno, ¿qué pasó? ||| Rector involucrado en accidente: Motociclista y su esposa están en delicado estado de salud ||| Tolima: niño quedó en delicado estado de salud tras ser arrollado por una bicicleta",Accidentes de transito (motociclistas),Excluir (no-salud),No,Siniestralidad vial; la UCI aparece solo como desenlace del accidente.
91,130,0.2,tuberculosis|casos tuberculosis|brote tuberculosis|cárcel|tuberculosis cárcel|cárcel modelo|bucaramanga|casos|modelo bucaramanga|brote,Radican proyecto para garantizar la atención de personas con tuberculosis ||| Impulsan la investigación para erradicar casos de lepra y tuberculosis en Cúcuta ||| Entre Pereira y Dosquebradas hay más de 100 casos activos de tuberculosis ||| La tuberculosis: una crisis de salud pública ||| Brote de tuberculosis en la cárcel de varones de Pereira,Tuberculosis (brote carcelario),Enfermedades transmisibles,Si,
92,127,0.19,migrantes|fronteras|médicos fronteras|migrante|darién|panamá|salud migrantes|unidos|trump|población migrante,"Migrantes sufren de obstáculos en servicios de salud sexual y reproductiva ||| Presidente Biden anuncia ampliación de cobertura en salud para migrantes ""soñadores"" en Estados Unidos, ¿de qué se trata? ||| Deben atender tratamientos de enfermedades catastróficas a migrantes irregulares ||| Biden ampliará cobertura de salud para migrantes criados en EU ||| El fuerte llamado de la OMS para que los gobiernos garanticen la salud de migrantes y refugiados",Salud de migrantes en el Darien,Poblaciones vulnerables y equidad en salud,Si,
93,127,0.19,bolsonaro|jair bolsonaro|jair|expresidente|brasil|expresidente brasil|brasil jair|expresidente jair|bolsonaro hospitalizado|cirugía,"Bolsonaro, recluido tras su derrota electoral en Brasil, está siendo tratado por una enfermedad ||| Bolsonaro está recluido por una enfermedad que le impide usar pantalones: ""No va a venir en bermudas"" ||| Bolsonaro fue hospitalizado en Estados Unidos ||| Jair Bolsonaro, internado en un hospital de Estados Unidos ||| Bolsonaro soporta la situación en Brasil postrado en un hospital en Orlando, Florida",Salud de Jair Bolsonaro,Servicios medicos y atencion clinica,Si,
94,127,0.19,café|té|tomar café|tomar|té natural|cafeína|natural|arterial|presión|ayuda,Por qué algunos medicamentos no se deben tomar con café ||| Cuántas tazas de café puede tomar al día sin afectar su salud ||| Sensibilidad a la cafeína: los síntomas que indican que no debería tomar café ||| Seis medicamentos que no se deben mezclar con café: Algunos son para el asma o la presión ||| ¡Ojo! Estos medicamentos no deben mezclarse con café,Beneficios del cafe/te para la salud,Nutricion y seguridad alimentaria,Si,
95,124,0.19,ansiedad|estrés|ataque ansiedad|estrés ansiedad|meditación|ataque|miedo|combatir|combatir estrés|calmar,"Cómo manejar la ansiedad y reducir el estrés ||| Consejos para sobrellevar la ansiedad ||| Escucha lo que la ansiedad quiere decirte ||| Aplicaciones para superar el miedo, las fobias y la ansiedad ||| Tema espiritual del día: ¡No permitamos que la ansiedad nos enrede más!",Ansiedad y estres,Salud mental y conducta suicida,Si,
96,124,0.19,lactancia|lactancia materna|materna|leche|leche polvo|polvo|madres|mundial lactancia|semana mundial|salas lactancia,Deficiencias en la lactancia materna en el departamento ||| Embarazo: productos recomendables para la lactancia ||| Lactancia materna en cuidado de bebés prematuros ||| Qué es el collar de lactancia para bebés y principales beneficios ||| Día de la Madre: Consejos de mamá para mejorar la salud financiera,Lactancia materna,Nutricion y seguridad alimentaria,Si,
97,123,0.18,papa|papa francisco|francisco|bronquitis|respiratoria|bronquitis papa|salud papa|infección respiratoria|francisco hospitalizado|respiratoria papa,"Salud Papa Francisco, hospitalizado por problemas respiratorios: foto hoy ||| El Papa dice que sufre ""una bronquitis muy aguda, infecciosa"", pero que ya no tiene fiebre ||| Papa Francisco: los detalles de la inflamación pulmonar que hace temer por su salud ||| Papa Francisco, la enfermedad pulmonar que lo 'golpeó', por la que no rezó hoy en la Plaza de San Pedro ||| Descartan que el Papa Francisco tenga pulmonía: Así está su salud",Salud respiratoria del Papa Francisco,Servicios medicos y atencion clinica,Si,
98,121,0.18,medicina|programa medicina|programa|estudiantes medicina|estudiar|universidad|estudiantes|unimagdalena|estudiar medicina|medicina universidad,"Desalojan a estudiantes de medicina del auditorio del Hospital de San Cristóbal ||| ¡A cuidar vidas! Entregan batas a 36 estudiantes de Medicina ||| Unimagdalena graduó a 92 nuevos profesionales de ciencias de la salud ||| Cómo estudiar medicina en la Universidad Nacional: esto es lo que debe hacer ||| Pese a un diagnostico, estudiante de Unimagdalena cumplió su sueño de ser profesional",Programas de formacion en medicina,Politica sanitaria e institucional,Si,
99,121,0.18,fruta|presión arterial|arterial|presión|ayuda|fruta ayuda|arterial fruta|regula presión|regula|hipertensión,"La fruta que controla la presión arterial alta y reduce el ácido úrico ||| Presión arterial alta: la fruta para regularla, mejorar la circulación sanguínea y oxigenación ||| La fruta que ayuda a mejorar la circulación sanguínea y a controlar la presión arterial ||| Licuado natural con manzana y avena para bajar la presión arterial: así se prepara ||| La fruta antioxidante que mejora la circulación sanguínea y controla la hipertensión",Alimentos naturales y presion arterial,Nutricion y seguridad alimentaria,Si,
100,120,0.18,depresión|depresión posparto|posparto|depresión depresión|persona depresión|sufre depresión|lucha depresión|riesgo depresión|ayudar persona|síntomas depresión,"Cómo detectar la depresión posparto en hombres y mujeres ||| Test rápido para saber si lo que sufre es depresión ||| Tipos de depresión y cuál es la más peligrosa ||| Más del 75% de las mujeres padece depresión posparto sin saberlo, por desconocimiento de los síntomas ||| Preocupan los casos de depresión y las patologías mentales",Depresion posparto,Salud mental y conducta suicida,Si,
101,119,0.18,aborto|aborto colombia|despenalización|despenalización aborto|colombia|méxico|milei|corte|derecho|aborto argentina,Tras votación de la Comisión de Justicia del Congreso: En Perú no despenalizaron el aborto en caso de violación ||| MinSalud adopta regulación para la atención integral del aborto en Colombia ||| Aborto en Colombia 2023: Ministerio de Salud define lineamientos ||| Animan a colombianos a firmar por referendo que prohíba aborto en el país ||| Regulan practica del aborto en Colombia,Despenalizacion del aborto (Colombia y region),Salud sexual y reproductiva,Si,
102,118,0.18,gripa|gripe|resfriado|remedios|influenza|bajar fiebre|aliviar|remedios caseros|caseros|aliviar gripa,"Verdadera razón por la que la gripa produce cansancio y ganas de ir a la cama ||| Influenza: ¿Cómo se sabe si tienes la enfermedad y cuáles son los síntomas? ||| Remedios caseros para darle manejo a la gripe e influenza: así se preparan ||| ¿Cuánto debe demorar la gripa? Experto responde ||| ¿Resfriado con tantas lluvias?, esto se puede tomar para evitar la gripa",Gripa y remedios caseros,Enfermedades transmisibles,Si,
103,117,0.18,uribe|álvaro uribe|álvaro|expresidente uribe|expresidente|expresidente álvaro|salud uribe|uribe reforma|salud expresidente|reforma salud,"Uribe rechazó los graves despidos masivos en el Ministerio de Salud ||| Alvaro Uribe pidió hacer una consulta popular contra reforma a la salud ||| Expresidente Álvaro Uribe vuelve a la carga contra la reforma a la salud: ""crearían gran riesgo de politiquería"" ||| Estos son los primeros reparos de Álvaro Uribe a la reforma a la salud ||| Álvaro Uribe arremetió contra reforma a la salud y dio 17 reparos",Alvaro Uribe y la reforma a la salud,Politica sanitaria e institucional,Si,
104,117,0.18,depresión|juanes|sufrió depresión|habló depresión|habló|sufrió|alejandro sanz|sanz|reveló sufrió|confesó,Kylie Jenner habla de su depresión posparto por Stormi ||| La depresión que puso contra las cuerdas a reconocida actriz de 'Tu voz estéreo' ||| Liss Pereira reveló que Masterchef le dejó depresión y habló de Claudia Bahamón ||| Pensó en quitarse la vida: La depresión que casi acaba con una humorista de Sábados Felices ||| Famosos que han tenido depresión; Marilyn Patiño. Silvia de Dios y 'Suso',Depresion de figuras publicas (musicos),Salud mental y conducta suicida,Si,
105,112,0.17,abuso|sexualmente|abuso sexual|sexual|abusado|paciente|sexualmente paciente|habría abusado|cárcel médico|menor,"Indignante: psicólogo abusaba sexualmente de su paciente menor de edad en Funza ||| Psicólogo que trataba a niña que había sido violada, aprovechó las terapias para abusarla ||| Condenan a médico de Medicina Legal fue condenado por abuso sexual ||| Medellín: psicólogo que habría abusado a paciente en consulta fue capturado ||| Capturan a reconocido psicólogo de Medellín por presunto abuso sexual a pacientes",Abuso sexual por parte de personal medico,Violencia y salud,Si,
106,111,0.17,salud visual|visual|ojos|ocular|ojo|glaucoma|color ojos|visión|color|síntomas,"Gafas Fünf: Gafas Fünf, la mezcla entre tecnología y diseño para preservar la salud de los ojos | Actualidad ||| La Clínica de Oftalmología de Cali cada vez más cerca de tus ojos ||| Visión baja y ceguera: estos son los primeros síntomas ||| En el Huila se implementa novedosa técnica para el trasplante de tejidos oculares ||| Así puede evitar la miopía y el estrabismo en sus hijos: experto en salud visual explica",Salud visual y glaucoma,Servicios medicos y atencion clinica,Si,
107,110,0.17,biden|joe biden|joe|cáncer próstata|próstata|diagnosticado|expresidente|positivo covid|biden diagnosticado|agresivo,"Biden fue intervenido en febrero por cáncer de piel ||| Biden anunció que ya inició su tratamiento contra el cáncer y que ""el pronóstico es bueno"" ||| Revelan grave acusación contra la esposa de Joe Biden tras diagnóstico de cáncer del expresidente ||| Joe Biden no se sometía a pruebas de detección de cáncer de próstata desde 2014 ||| Joe Biden negó que supiera de su cáncer de próstata mientras ejercía como presidente",Cancer de prostata de Joe Biden,Enfermedades cronicas y no transmisibles,Si,
108,109,0.16,bogotá|salud bogotá|capital|secretaría salud|capital salud|secretaría|subred|subredes|secretario salud|secretario,Bogotá hoy: irregularidades en subredes de salud son rechazadas desde el Concejo ||| Bogotá: Personería investiga sobrecostos para subredes de salud ||| Cómo postularse a convocatoria de proyectos de salud en Bogotá: página y pasos ||| Bogotá se ofrece para plan piloto de reforma a la salud ||| ¿Cómo implementar un sistema de cuidado si a nadie le interesa la salud en Bogotá?,Secretaria de Salud de Bogota,Politica sanitaria e institucional,Si,
109,109,0.16,ucrania|rusia|putin|ruso|muertos|kiev|moscú|muertos atentado|ataque ruso|bombardeo ruso,"Suben a diez los muertos por bombardeos rusos a Jersón, Ucrania ||| Navidad de terror en Ucrania: por lo menos siete muertos por bombardeo ruso en Jersón ||| Lo que hay detrás de las muertes de oligarcas rusos: asesinato o suicidio ||| Rusia: hallan sin vida a hombre clave para vacuna anticovid Sputnik V ||| Asciende a 44 el número de muertos por ataque ruso en Dnipró, Ucrania",Guerra Rusia-Ucrania,Excluir (no-salud),No,"Cobertura del conflicto belico internacional, sin relacion con la salud publica colombiana."
110,108,0.16,mujica|pepe|pepe mujica|expresidente|fujimori|alberto fujimori|expresidente uruguayo|uruguayo|josé|esófago,"Uruguay: expresidente Pepe Mujica tiene un tumor en el esófago ||| El expresidente uruguayo José Mujica anunció que tiene un tumor en el esófago ||| José Mujica: el expresidente uruguayo anuncia que tiene un tumor en el esófago ||| Gobernador de Murmansk, hospitalizado por ataque con arma blanca ||| José 'Pepe' Mujica, expresidente de Uruguay, tiene un tumor en el esófago: ""la vida es hermosa, y se gasta y se va""","Salud de expresidentes (Mujica, Fujimori)",Servicios medicos y atencion clinica,Si,
111,108,0.16,supersalud|audifarma|medicamentos supersalud|medicamentos|entrega|entrega medicamentos|bodega|bodega audifarma|supersalud exige|entregar,Supersalud pide a EPS Sanitas asegurar entrega de medicamentos a usuarios ||| Urgente: SuperSalud le exige a Sanitas cumplir con la entrega de medicamentos a sus usuarios a como dé lugar ||| SuperSalud solicita a Sanitas plan de contingencia para entrega de medicamentos a usuarios ||| Supersalud exige a Sanitas presentar detalle del plan de contingencia para garantizar acceso de sus afiliados a medicamentos no PBS ||| SuperSalud investiga a Salud Total por pagos irregulares a Audifarma,Vigilancia de entrega de medicamentos (Supersalud-Audifarma),Sistema de salud y aseguramiento,Si,
112,106,0.16,trabajo|salud trabajo|laboral|trabajadores|seguridad|seguridad salud|laborales|reforma laboral|salud trabajadores|salud seguridad,"Reflexión sobre la Seguridad y Salud en el Trabajo desde la academia hacia la proyección social ||| El rendimiento laboral y la salud ||| Salud Distrital presentó positivo balance en prevención de accidentes y enfermedades laborales ||| Aportar valor, el enfoque para transformar la seguridad y salud en el trabajo ||| Reforma a la salud: alertan de facultades para transformar sistema laboral",Salud y seguridad laboral,Salud laboral y ocupacional,Si,
113,106,0.16,años murió|murió|niña|años|niña años|niño|negligencia|negligencia médica|niño años|presunta negligencia,Un niño ahogado y otro en UCI por descuidos de sus padres ||| Niño de 3 años murió por un golpe abdominal en el hospital de Neiva ||| Niño de 3 años habría muerto por negligencia médica; su padre busca justicia ||| Menor de 9 años murió de un infarto tras presenciar accidente en Andrea Carolina ||| Paro minero: Niño de 12 años murió porque no pudieron llevarlo al hospital,Negligencia medica (menores),Violencia y salud,Si,
114,105,0.16,fernando galán|carlos fernando|galán|alcalde|fernando|ramiro suárez|ramiro|suárez|carlos|apendicitis,"""He transmitido detalles de mi aspiración al doctor Rodrigo Villalba"" ||| Alcalde de Valledupar, Mello Castro, tuvo que ser hospitalizado en una clínica del Cesar por problemas de salud ||| Silvio Herrera, el sacerdote que quiso ser médico pero resultó siendo cirujano de almas ||| Juan Pablo Herrera, el médico caleño que hace historia en Harvard ||| Martín Alfonso Mejía, Alcalde de El Darién, hospitalizado",Salud de funcionarios publicos (apendicitis),Servicios medicos y atencion clinica,Si,
115,103,0.15,malaria|casos malaria|vacuna malaria|paludismo|brote malaria|vacuna|casos|risaralda|malaria oms|malaria risaralda,"La malaria hizo de las suyas en Risaralda en el 2022 ||| Malaria, una enfermedad que aqueja mucho a Risaralda ||| Indígenas, que ayudaron en el rescate de los niños perdidos en la selva, estarían enfermos: ""tienen malaria"" ||| Malaria: descubren cómo desorientar el parásito que la produce y así reducir las muertes que deja la enfermedad ||| Costa Rica prende alarmas por aumento de casos de malaria: pide a ciudadanos medidas para erradicar mosquitos que la trasmiten",Malaria,Enfermedades transmisibles,Si,
116,103,0.15,servicios|suspende|suspende servicios|suspenden|clínica|hospitales antioquia|servicio|servicio urgencias|san|servicios usuarios,"Afinia les suspenderá el servicio a hospitales y acueductos por mora ||| Secretaría de Salud de Risaralda cerró servicios de la Clínica Pinares Médica en Pereira ||| En Cali, Invima suspende centro que realizaba estudios clínicos en humanos sin autorización ||| Tras queja de paciente, ordenan cierre de dos quirófanos de la Clínica Erasmo de Valledupar ||| Hospital Alma Máter de Antioquia suspenderá atención de 4.000 pacientes pluripatológicos",Suspension de servicios de urgencias hospitalarias,Sistema de salud y aseguramiento,Si,
117,103,0.15,murió|hombre|murió uci|infarto|aguantó|uci|murió infarto|balazos|hombre murió|falleció,"No aguantó los golpes y murió en una UCI ||| Adulto murió de un infarto en el techo de su casa ||| Murió hombre tras ingresar a un hospital con múltiples heridas ||| Ingeniero, que recibió dos tiros en la cabeza en un atraco, murió en la clínica ||| Hombre muere luego de recibir golpe en la cabeza: estuvo horas en UCI",Muertes por infarto/heridas (sucesos),Excluir (no-salud),No,Noticias de sucesos individuales sin patron de politica publica de salud.
118,102,0.15,kate|middleton|kate middleton|princesa|gales|princesa gales|cáncer kate|middleton princesa|cáncer princesa|princesa kate,"La princesa de Gales, Kate Middleton, anunció que tiene cáncer ||| Kate Middleton: princesa de Gales anuncia que se le ha diagnosticado un cáncer ||| Descartan que la princesa de Gales tenga cáncer ||| Cirugía a Kate Middleton generó acercamiento con el príncipe Harry y Meghan Markle ||| Sarah Ferguson, exesposa del príncipe Andrés, diagnosticada con cáncer",Cancer de Kate Middleton,Enfermedades cronicas y no transmisibles,Si,
119,101,0.15,procuraduría|fiscalía|eps|exdirectivos|eps procuraduría|exdirectivos eps|irregularidades|investigación|eps fiscalía|intervenciones,"Por desacatar tutela, Juzgado emite sanción en contra de Nueva EPS ||| Procuraduría abre indagación sobre supuestas irregularidades en la ampliación de UCI ||| Procuraduría formuló cargos a exrepresentante legal de Comparta EPS ||| Nuevas denuncias contra el superintendente de Subsidio Familiar, Luis Guillermo Pérez: consejeros aseguran que va tras las cajas de compensación y las EPS ||| Procuraduría abrió indagación por supuestas irregularidades con las UCI en pandemia",Investigaciones penales contra directivos de EPS,Sistema de salud y aseguramiento,Si,
120,101,0.15,pensión|salud pensión|salario|salario mínimo|mínimo|pensionados|aportes salud|aportes|salud pensionados|mínimo 2024,"¡Ojo! Este sería el porcentaje que descontarán de su salario en 2023, por salud y pensión ||| Gobierno Petro asegura que reduciría aportes en salud de los pensionados ||| Salario mínimo 2024: en cuánto quedarían los aportes a pensión y salud | Finanzas | Economía ||| Salario mínimo neto con descuentos de ley por salud y pensión ||| ¿Cuánto tiempo disfruta una persona de su pensión teniendo buena salud?",Reforma pensional y aportes a salud,Sistema de salud y aseguramiento,Si,
121,101,0.15,mono|viruela mono|viruela|casos viruela|mono viruela|mpox|mono colombia|síntomas viruela|oms|mono mpox,"Primer caso confirmado de viruela del mono en Neiva ||| Viruela del mono: el INS registró 1260 casos de contagio en el país ||| Viruela del mono: casos llegaron a 3.298, con 188 nuevos contagios ||| Colombia reporta 3.110 contagios de viruela del mono; el 27 % está en Antioquia ||| Ya hay más de 2.000 contagios de viruela del mono; en Bogotá hay transmisión local",Viruela del mono (Mpox),Enfermedades transmisibles,Si,
122,100,0.15,corcho|carolina corcho|carolina|ministra|salud carolina|ministra corcho|ministra carolina|ministra salud|corcho ministra|salud ministra,"Reforma a la salud: minsalud Carolina Corcho atacó a médicos y EPS ||| Ministra Corcho cambia de tono con reforma a la salud: ""Hay que construir sobre lo construido"" ||| Carolina Corcho, Minsalud, cambió de tono con la reforma a la salud ||| Ministra Corcho por fin salió a explicar cómo será el revolcón al sistema de salud, estos son los puntos claves ||| La ministra Carolina Corcho se convirtió en un obstáculo para sacar adelante la reforma a la salud: su activismo, arrogancia y radicalismo no le convienen al Gobierno Petro",Ministra de Salud (Carolina Corcho),Politica sanitaria e institucional,Si,
123,99,0.15,carlos iii|iii|rey|rey carlos|carlos|cáncer rey|tratamiento cáncer|salud rey|cáncer carlos|cáncer,"Rey Carlos III sufre una ""forma de cáncer"", anuncia Buckingham ||| El rey Carlos III fue diagnosticado con algún tipo de cáncer y empezó su tratamiento ||| Carlos III está ""bien"", dice Camila sobre el tratamiento de próstata del rey ||| Carlos III tiene cáncer: Harry voló de urgencia al Reino Unido y el primer ministro dio detalles de la enfermedad ||| El Rey Carlos III fue diagnosticado con cáncer",Cancer del Rey Carlos III,Enfermedades cronicas y no transmisibles,Si,
124,98,0.15,diabetes|azúcar|azúcar sangre|superalimento|sangre|prevenir diabetes|ayuda|controlar|glucosa|diabetes tipo,¿Qué alimentos debemos consumir para bajar el azúcar y prevenir la diabetes? ||| Evite consumir estos alimentos: podría sufrir de diabetes ||| El alimento verde ideal para tratar la diabetes ||| El pescado que ayuda a prevenir la diabetes tipo 2: así se debe consumir ||| ¿Qué tipo de endulzantes puede comer una persona diabética?,Control de glucosa y diabetes,Enfermedades cronicas y no transmisibles,Si,
125,98,0.15,artritis|artrosis|aliviar|ayuda|artritis reumatoide|reumatoide|síntomas artritis|dolor|artritis artrosis|alivia,Alimentos que ayudan a tratar la artritis de manera efectiva ||| ¿Qué comer para aliviar la artritis? ||| El poderoso fruto que controla los síntomas de artritis ||| La fruta antiinflamatoria que ayuda a aliviar los síntomas de la artritis ||| Los alimentos antiinflamatorios que ayuda a tratar la artritis de manera natural,Artritis y artrosis,Enfermedades cronicas y no transmisibles,Si,
126,96,0.14,epa colombia|epa|embarazo|embarazo epa|colombia|embarazada|colombia reveló|quedar embarazada|colombia epa|embarazo colombia,OIM destaca atención de embarazadas venezolanas de alto riesgo en Colombia ||| Qué le pasó a 'Epa Colombia' y por qué estaría en hospital; posible embarazo ||| Epa Colombia reveló la millonada que le cuesta quedar embarazada de un donante extranjero ||| Esto pagaría la 'Epa Colombia' para quedar embarazada junto a su novia | EL UNIVERSAL ||| Epa Colombia está buscando quedar embarazada y pagaría mucho dinero por ayuda,Embarazo de figura publica (Epa Colombia),Salud sexual y reproductiva,Si,
127,96,0.14,turismo|turismo salud|turismo médico|turistas|salud bienestar|pandemia|bienestar|pandemia turismo|simposio turismo|turismo mundial,"Ibagué se perfila en el turismo de salud ||| ""Excelente servicio"": guía turístico se convirtió en puente humano para sus clientes y se hizo viral ||| La hermandad que impulsa el turismo de salud ||| Turismo médico en Cali: la ciudad que importa pacientes y exporta vida ||| Tratamientos médicos y vacaciones, en lo que más gastan turistas que visitan el país",Turismo medico y de bienestar,Servicios medicos y atencion clinica,Si,
128,95,0.14,embarazo|mujeres|quedar|parto|embarazadas|parto prematuro|síntomas embarazo|quedar embarazo|prematuro|torch,Qué es Naprotecnología: el novedoso método para quedar en embarazo ||| Tremenda reacción: joven se entera en plena clase de ginecología que está en embarazo ||| Diez consejos claves para tener un embarazo sano y sin complicaciones ||| Parto inducido: qué es y en qué semana de embarazo se utiliza ||| Nuevas pruebas de embarazo con saliva: da resultados en 10 minutos,Embarazo y parto prematuro,Salud sexual y reproductiva,Si,
129,94,0.14,mejores|hospitales|mejores hospitales|mejores mundo|hospitales colombia|hospitales colombianos|mundo|hospital colombia|bogotá hospital|hospital,"Transforman cinco hospitales de privados a universitarios en Bogotá ||| Hospitales de Bogotá: cinco centros se quieren volver universitarios ||| Fundación Valle del Lili, mejor hospital de Colombia, según 'ranking' mundial ||| Hospitales universitarios de Colombia que están entre los mejores del mundo ||| Hospitales en Colombia tienen nombres de santos: Por qué y desde cuándo es así",Rankings de mejores hospitales,Sistema de salud y aseguramiento,Si,
130,94,0.14,inteligencia artificial|inteligencia|artificial|ia|salud inteligencia|artificial salud|médicos|artificial medicina|artificial inteligencia|consultorios médicos,"Inteligencia artificial ayuda contra secuelas por derrame cerebral ||| Inteligencia artificial ya hace varias tareas con facilidad en áreas de salud y alimentos ||| Inteligencia artificial en la regiones más apartadas, esta es la apuesta para mejorar el sistema de salud ||| Columna de Fabio Martínez: Salud, amor e inteligencia artificial ||| Inteligencia artificial: hallan errores que tiene con tema médico",Inteligencia artificial en medicina,Servicios medicos y atencion clinica,Si,
131,94,0.14,próstata|cáncer próstata|próstata síntomas|cáncer|próstata cáncer|síntomas cáncer|riesgo cáncer|hombres|síntomas|próstata cirugía,"Cáncer de próstata, una enfermedad silenciosa ||| Qué es el cáncer de próstata, cuáles son sus causas, etapas y tratamientos ||| Ojo: estas son las principales señales de alerta sobre cáncer de próstata ||| Prevención del cáncer de próstata: estas medidas reducen el riesgo de sufrirlo ||| Cómo reducir el riesgo de tener cáncer de próstata y cuáles son sus síntomas",Cancer de prostata (sintomas),Enfermedades cronicas y no transmisibles,Si,
132,93,0.14,ips|adres|pagos|reclamaciones|accidentes|36 ips|accidentes tránsito|reclamaciones accidentes|adres suspende|soledad,Cierre temporal de IPS FRC en Barranquilla ||| Adres firma convenio con Fasecolda para solventar situación de vehículos fantasma ||| Autoridades sanitarias del Atlántico sellaron 16 IPS en el municipio de Soledad ||| Nueva EPS suspenderá pagos adicionales a más de 140 IPS por incremento de cobros dudosos ||| Nueva EPS anunció suspensión de pagos a 144 IPS a causa de incrementos en costos,Pagos y reclamaciones de accidentes de transito (ADRES),Sistema de salud y aseguramiento,Si,
133,91,0.14,h3n2|influenza h3n2|influenza|h3n2 colombia|caso influenza|gripe h3n2|virus influenza|caso|virus|gripe,"Variante JN.1 en Colombia: principales síntomas y cómo identificarla de una gripa común ||| H3N2 sigue encendiendo alarmas en Europa: ¿está Colombia preparada para la llegada de esta gripe? ||| Alerta en Europa por Gripe H3N2: ¿Podría llegar a Colombia? Síntomas y recomendaciones ||| Pilas con la gripa H3N2: ya circula en Colombia ¡Lávese las manos y use tapabocas! ||| Nueva gripe H2N2 en Europa: síntomas, tratamientos y qué se sabe sobre si podría llegar a Colombia",Influenza H3N2,Enfermedades transmisibles,Si,
134,89,0.13,recién nacido|nacido|recién|bebé recién|mortalidad materna|materna|mortalidad|bebé|nacido abandonado|abandonado,"Hallan a bebé recién nacido abandonado dentro de una bolsa, con desgarradora carta: ""cuídenlo"" ||| ""Pánico en la salud es tener la peor tasa de mortalidad materna"": Petro defiende reforma a la salud ||| Hallan a bebé recién nacido abandonado en un caño: una patrullera le dio calor ||| Barranquilla: bebé recién nacido que dejaron abandonado en parque; madre habló ||| Bebé recién nacida fue robada en hospital, en Salta. Detalles del caso",Mortalidad materna e infantil,Salud sexual y reproductiva,Si,
135,89,0.13,niños cáncer|cáncer infantil|infantil|niños|cáncer|apoyar niños|apoyar|niño|internacional cáncer|lucha,"Participe en la campaña del Día Internacional del Cáncer Infantil ||| Súper Familias al parque, evento para combatir el cáncer infantil ||| Realizarán jornada de 'tapatón' para niños con cáncer, en Floridablanca ||| Cúcuta se solidarizó con los niños y jóvenes con diagnóstico de cáncer ||| Con éxito se cumplió el quinto Simposio de Cáncer Infantil en Barranquilla",Cancer infantil,Enfermedades cronicas y no transmisibles,Si,
136,89,0.13,selva|rescatados|niños rescatados|rescatados selva|niños|indígenas|salud niños|niños indígenas|guaviare|hospital militar,"Insólito: un niño embera en La Florida requiere ser trasladado con urgencia a un centro médico, pero comunidad indígena se opone ||| Salud de niños encontrados en selva de Guaviare tras accidente de avioneta ||| Moeügchi, el manatí amazónico fue liberado tras rehabilitación ||| 'Niños indígenas permanecerán varias semanas hospitalizados': Parte médico ||| Médicos informan sobre la condición de salud de los niños rescatados en la selva | Gobierno | Economía",Rescate de ninos indigenas (atencion en salud),Poblaciones vulnerables y equidad en salud,Si,
137,86,0.13,trans|género|personas trans|circular|género menores|menores|transgénero|sexo|lgbtiq|circular supersalud,"Agreden a vigilantes de hospital por presunta discriminación a transexuales ||| México tiene la primera clínica trans; qué es, por qué se creó, los retos ||| A una firma de convertirse en Ley: Texas avanza en prohibición de tratamiento de cambio de sexo para menores de edad ||| Hombre sometía a 'vacunas' a mujeres trans para dejarlas trabajar en Cali ||| EPS deben practicar sin trabas procedimientos de afirmación de sexo a personas transgénero",Salud de personas trans y diversidad de genero,Poblaciones vulnerables y equidad en salud,Si,
138,86,0.13,amarilla colombia|fiebre amarilla|amarilla|fiebre|casos fiebre|colombia|colombia fiebre|casos|brote fiebre|emergencia sanitaria,"Alerta por fiebre amarilla en Colombia ||| Aumentan casos de fiebre amarilla en Colombia ||| Fiebre amarilla en Colombia: hay 388 municipios en riesgo, dice el Minsalud ||| Colombia declara emergencia por fiebre amarilla: 47 casos y 21 muertes en zonas rurales ||| Preocupa el aumento de muertes por fiebre amarilla en varios países, entre ellos Colombia",Brote de fiebre amarilla en Colombia,Enfermedades transmisibles,Si,
139,86,0.13,diomedes|díaz|diomedes díaz|hijo diomedes|hijo|miguel ángel|ángel|díaz hijo|ángel díaz|uci,"Hija de Diomedes Díaz, Lily Díaz, respondió a Salud Hernández por columna ||| Hijo de Diomedes Díaz fue entubado en UCI tras perder su pierna ||| Se agrava estado de salud de Miguel Ángel Díaz, hijo de Diomedes Díaz ||| Dan doloroso parte médico a hijo de Diomedes Díaz luego de amputación de pierna ||| Hijo de Diomedes Díaz, fue amputado y permanece inconsciente en UCI ante grave estado de salud",Salud de familiares de Diomedes Diaz,Servicios medicos y atencion clinica,Si,
140,85,0.13,adicción|leyva|duzán|adicción café|adicto|petro|única adicción|jimena duzán|jimena|supuesta adicción,"Gustavo Petro enfermo HOY : Íngrid Betancourt: ""Es un hecho claro y evidente que existe una adicción del presidente"" ||| Respuesta de Íngrid Betancourt sobre si Gustavo Petro es ""adicto a la cocaína"" ||| María Jimena Duzán le pide a Petro que revele si tiene una adicción ||| Carta de María Jimenza Duzán al presidente Gustavo Petro: pide que revele si tiene problemas de adicción ||| Periodista cercana al petrismo reveló que el presidente Gustavo Petro tendría ""problemas de adicción""",Adicciones (caso Jimena Duzan/Leyva),Salud mental y conducta suicida,Si,
141,83,0.12,vih|vih colombia|casos vih|sida|colombia|medicamento vih|vih bogotá|casos|medicamento|dolutegravir,Cerca de 3.000 migrantes venezolanos con VIH han sido atendidos por AID FOR AIDS Colombia ||| A diario Colombia reportó 55 personas contagiadas de VIH durante el 2022 ||| 12 mil policías colombianos son portadores de Sida ||| Expertos de América Latina se reunirán en Colombia para debatir sobre novedades en prevención y tratamiento del VIH ||| Bogotá integrará red internacional de trabajo para frenar el VIH,Tratamiento del VIH en Colombia,Enfermedades transmisibles,Si,
142,83,0.12,aseguramiento|medida aseguramiento|medida|nicolás petro|nicolás|mancuso|gordo lindo|lindo|gordo|salvatore mancuso,"Dictan nueva medida de aseguramiento contra exparamilitar Salvatore Mancuso ||| Gordo Lindo no tenía medida de aseguramiento cuando fue dejado en libertad, dice INPEC ||| Esta es la medida de aseguramiento contra alias Gordo Lindo y que ignoró el Inpec ||| Investigan por qué 'Gordo Lindo' salió libre teniendo pendiente una medida de aseguramiento ||| Escándalo | Inpec dejó en libertad a alias Gordo Lindo y el ex narco tenía una medida de aseguramiento pendiente. Ahora no aparece y nadie responde",Medida de aseguramiento judicial (Nicolas Petro),Excluir (no-salud),No,"'Medida de aseguramiento' es un termino judicial (proceso penal), no de aseguramiento en salud; falso positivo semantico."
143,82,0.12,dientes|dental|oral|salud oral|salud dental|colgate|dentales|clean mint|crema dental|mint,Beneficios de la piña para la salud dental ||| Sarros y caries: estos son los siete peores alimentos para la salud de los dientes ||| Cómo hacer para que niños tengan buena salud dental ||| El insólito caso de una niña con 81 dientes se hace viral ||| Salud bucal: los cinco hábitos para cuidar los dientes y mantener una boca sana,Salud oral y dental,Servicios medicos y atencion clinica,Si,
144,81,0.12,adicción|alcoholismo|alcohol|benedetti|drogas|adicción drogas|drogas alcohol|armando benedetti|armando|paso recuperarte,"Manuel Teodoro habló sobre su adicción con el alcohol y cómo vive ahora ||| Destino a la adicción y a la miseria ||| Esta es la adicción que casi lleva a Lucas Arnau a quitarse la vida ||| Noveno paso para recuperarte de una adicción ||| Odiado por la familia, adicto a la coca, y arruinado: el triste final del hombre más sexy del mundo",Adicciones (caso Armando Benedetti),Salud mental y conducta suicida,Si,
145,81,0.12,desnutrición|desnutrición colombia|infantil|desnutrición infantil|infantil colombia|niños|colombia|niños muerto|malnutrición|muerto,Desnutrición infantil en Colombia sigue subiendo: ya van 13.549 casos en 2022 ||| Procuraduría exigió medidas para detener muertes por desnutrición en Colombia ||| En Colombia hay más de un millón de niños en riesgo de desnutrición ||| Más de un millón de niños en grave riesgo de desnutrición en Colombia ||| Cifras de desnutrición aguda infantil aumentan en Colombia,Desnutricion infantil en Colombia,Nutricion y seguridad alimentaria,Si,
146,78,0.12,trabajadores|trabajadores hospital|pago|empleados|empleados hospital|pago salarios|salarios|hospital|exigen|paro,Médicos de Valledupar dicen que no les pagan desde 2021 ||| Trabajadores del hospital de Valledupar reclaman pagos atrasados ||| ¿Se les volvió tradición? Denuncian incumplimiento en pagos a trabajadores del hospital de Itagüí ||| 44 empleados de hospital se quedaron sin empleo por posible injerencia política ||| Sucre: empleados de cooperativas del Hospital Universitario de Sincelejo exigen pagos,Paro de trabajadores de la salud (pago de salarios),Salud laboral y ocupacional,Si,
147,78,0.12,papiloma|papiloma humano|virus papiloma|humano|vph|virus|vacunación|humano vph|vacunación vph|vacunación virus,"HPN, una enfermedad que requiere atención y tratamiento continuo ||| Las alentadoras cifras de vacunación contra el Virus del Papiloma Humano en Cali ||| Prevenir el VPH es posible con vacunación ||| Mañana, gran vacunatón contra el Virus del Papiloma Humano ||| Barranquilla realiza jornada de vacunación contra el papiloma humano",Virus del papiloma humano (VPH),Enfermedades transmisibles,Si,
148,77,0.12,rodolfo hernández|rodolfo|hernández|cáncer terminal|tumor|terminal|colon|tumor colon|hernández tumor|colon rodolfo,"Lo último: el excandidato presidencial Rodolfo Hernández tiene un tumor en el colon ||| Rodolfo Hernández tiene un tumor en el colón; revelan parte médico completo ||| Rodolfo Hernández tiene tumor de colón, está estable ||| Último parte médico de Rodolfo Hernández: tiene un tumor ||| Estado de salud de Rodolfo Hernández: parte médico revela que tiene un tumor de colon",Cancer terminal de Rodolfo Hernandez,Enfermedades cronicas y no transmisibles,Si,
149,77,0.12,exgerente|exgerente hospital|cargos|cargos exgerente|corrupción|procuraduría|hospital|formuló|formuló cargos|pliego cargos,"Al alcalde de Buenaventura le revienta escándalo de corrupción hospitalizado en Clínica Imbanaco de Cali ||| Procuraduría profirió cargos contra alcalde de Cartagena por contratos covid ||| Procuraduría sancionó a exgerente del hospital de Chiriguaná por no reclamar $400 millones ||| Personería formuló pliego de cargos contra el gerente del Hospital General, ¿por qué? ||| Formulan cargos a exgerente de hospital de Barbosa por presuntos pagos ilegales",Corrupcion en hospitales publicos,Sistema de salud y aseguramiento,Si,
150,75,0.11,invima|trámites|medicamentos invima|trámites medicamentos|medicamentos|desabastecimiento|plan|plan contingencia|sanitarios|contingencia,"Bedoyecta, medicamento falsificado: Invima pide no comprarlo más ||| Acemi cuestiona al Invima por señalar a las EPS de no entregar medicamentos ||| Acemi rechazó las acusaciones del Invima sobre la no entrega de medicamentos ||| Invima se opone a importaciones de medicamento, pese a desabastecimiento ||| Anuncian debate de control al Invima",Tramites del Invima y desabastecimiento,Sistema de salud y aseguramiento,Si,
151,75,0.11,fecode|salud fecode|maestros|maestros fecode|salud maestros|paro|modelo salud|modelo|paro nacional|fecode exige,"Reforma a la salud no tocará el régimen especial de Fecode ||| ""Van a marchar, pero seguirán igual"": las críticas a Fecode porque aunque se quejan, su sistema de salud no cambiaría con la reforma ||| Fecode exige que su régimen especial de salud no cambie ||| Fecode afirma que sí había varios oferentes en licitación del servicio de salud para los maestros oficiales del país ||| Fecode amenaza con paro de maestros por licitación de salud para profesores",Paro de maestros por el modelo de salud (Fecode),Sistema de salud y aseguramiento,Si,
152,75,0.11,artículos|debate|aprobados|debate reforma|artículos reforma|reforma salud|reforma|aprobaron|discusión|salud aprobaron,La OMS también se metió a la discusión sobre la reforma a la salud e hizo importantes recomendaciones ||| Así avanza la discusión del a reforma a la salud ||| Reforma de la salud: Este jueves sería el primer debate ||| Reforma a la salud: se aplazó la discusión para la próxima semana ||| Se aplaza el debate de la reforma a la salud para estudio de las 133 preposiciones,Aprobacion de articulos de la reforma a la salud,Politica sanitaria e institucional,Si,
153,75,0.11,colesterol|arterial|presión arterial|presión|hierba|reduce|niveles colesterol|niveles|arterial hierba|superalimento,"La hierba medicinal que limpia eficazmente los riñones y reduce los niveles de presión arterial ||| La hierba medicinal que reduce la presión arterial alta y ayuda a cuidar las arterias ||| La hierba aromática que reduce los niveles de colesterol y baja la presión arterial ||| Este es el alimento que al consumirlo crudo reduce el colesterol y la presión arterial ||| Hierba medicinal que reduce el colesterol y la presión arterial, y ayuda a vivir más",Colesterol y presion arterial,Enfermedades cronicas y no transmisibles,Si,
154,74,0.11,tolima|amarilla tolima|fiebre amarilla|amarilla|fiebre|brote fiebre|casos fiebre|gobernadora tolima|gobernadora|calamidad,"Gobernación del Tolima declara Alerta Amarilla en entidades de salud por temporada de fiestas ||| Alerta Amarilla fue ampliada hasta finales de julio: Salud ||| Por brote de fiebre amarilla, Tolima declaró Emergencia Sanitaria ||| Aumenta a ocho la cifra de casos de fiebre amarilla en el Tolima ||| Se registra brote de fiebre amarilla en el Tolima: siga estas recomendaciones",Fiebre amarilla en Tolima (calamidad publica),Enfermedades transmisibles,Si,
155,74,0.11,cuello uterino|cáncer cuello|uterino|cuello|ovario|cáncer ovario|cáncer|mujeres|ovario poliquístico|poliquístico,"Diariamente 12 mujeres son diagnosticadas con cáncer de cuello uterino ||| Medicamentos que mujeres compran pueden ayudar a descubrir cáncer de ovario ||| Cáncer de cuello uterino, patología prevenible que sigue causando muertes ||| Por un futuro sin cáncer de cuello uterino ||| Citología, vital para detectar el cáncer de cuello uterino",Cancer de cuello uterino y ovario,Enfermedades cronicas y no transmisibles,Si,
156,73,0.11,respiratorias|enfermedades respiratorias|respiratorias colombia|pico|infecciones respiratorias|enfermedades|infecciones|pico respiratorio|respiratorio|bogotá,"¡A cuidarse! Colombia pasa por repunte de casos de enfermedades respiratorias y casos de covid-19 ||| Secretario de Salud de Bogotá advierte por pico de enfermedades respiratorias ||| Uno de cada ocho adultos en Colombia sufre de asma, pero el subdiagnóstico sería del 65% ||| Chile analiza nuevas medidas para contrarrestar casos de enfermedades respiratorias ||| Bogotá: el grave aumento de enfermedades respiratorias en 2023",Pico de enfermedades respiratorias,Enfermedades transmisibles,Si,
157,73,0.11,alimentos|alimento|cáncer|riesgo cáncer|prevenir cáncer|hígado|colon|cáncer colon|evitar|comer,Alimentos que se deben evitar para prevenir el cáncer de colon ||| El alimento para acabar con la grasa acumulada en el cuerpo y prevenir el cáncer ||| El alimento con probióticos que protege del cáncer: así se debe consumir ||| Habitante de calle asombró revelando que come para controlar su cáncer ||| Los problemas al comer que podrían ser un síntoma de cáncer,Alimentos y riesgo de cancer,Nutricion y seguridad alimentaria,Si,
158,72,0.11,calor|cambio climático|climático|temperaturas|ola calor|cambio|altas temperaturas|climática|ola|altas,Víctimas de ansiedad climática piden acción ante Congreso de EEUU ||| Por qué baja la temperatura cuando envejecemos y su impacto en la salud ||| Las olas de calor aumentan la tasa de mortalidad en Sudamérica en un 160% ||| Estudio global revela cómo se siente la población mundial frente al cambio climático. Hay angustia y ansiedad frente al futuro ||| Secretaría de Salud dio recomendaciones por las altas temperaturas en Valledupar,Ola de calor y cambio climatico,Determinantes sociales y salud ambiental,Si,
159,71,0.11,navidad|año|noel|fiestas|papá noel|navidad año|rituales|festividades|atraer|año psicología,¡Pilas! El duro repunte del covid obligaría a usar obligatoriamente tapabocas en Navidad ||| ¿Gripa? Casos covid repuntarán para Navidad ||| ¿Cómo enfrentar la depresión en las fiestas de fin de año? ||| ¿Qué es la depresión navideña? Por qué se da ||| ¿Depresión navideña? Tips para superar duelos difíciles en medio de las fiestas de fin de año,Rituales de fin de ano,Excluir (no-salud),No,"Contenido festivo/entretenimiento navideno, sin relacion con salud."
160,70,0.11,benedetti|armando benedetti|armando|salud benedetti|salud armando|benedetti reforma|prepagada|reforma salud|reforma|benedetti denuncia,"Armando Benedetti dice que está con buena salud en medio del escándalo ||| La reunión de Armando Benedetti para destrabar la reforma a la salud en Cámara ||| ""Antes estábamos muy desorganizados"": Benedetti sobre reforma a la salud ||| Armando Benedetti arremetió contra la oposición por falta de quórum en el debate de la reforma a la salud: ""filibusterismo barato"" ||| Tras acercamientos con Armando Benedetti, la reforma a la salud se destrabó",Denuncias de Armando Benedetti sobre salud prepagada,Politica sanitaria e institucional,Si,
161,70,0.11,guzmán|zulma guzmán|zulma|talio|envenenamiento|envenenamiento talio|londres|señalada|niñas|guzmán señalada,"""Entiendo que quieran encontrar culpables, pero no soy yo"": Zulma Guzmán, señalada de envenenamiento con talio en Bogotá ||| Señalan que posibles cómplices habrían participado junto a Zulma Guzmán, en caso de envenenamiento de menores en Bogotá: ""Hay más personas"" ||| Apareció Zulma Guzmán, la señalada de la muerte de dos niñas por envenenamiento de talio en frambuesas; esto fue todo lo que dijo ||| Exclusivo: la evidencia que hay contra Zulma Guzmán Castro, empresaria involucrada en caso de envenenamiento de niñas con talio en frambuesas ||| La razón por la que Zulma Guzmán, señalada de la muerte de 2 menores por envenenamiento, fue demandada en 2023",Caso de envenenamiento con talio (Zulma Guzman),Violencia y salud,Si,
162,70,0.11,billones|giró|billones eps|adres|adres giró|eps billones|eps|millones|pesos|billones pesos,"Presupuesto máximo de EPS será de $480.000 millones ||| Adres giró $423.000 millones a las EPS por concepto de los Presupuestos Máximos ||| Andi alerta que a las EPS les deben casi $3 billones de años anteriores ||| Pirámide en IPS robo 10 mil millones ||| Gobierno debe a EPS $5,2 billones",Giros de ADRES a EPS,Sistema de salud y aseguramiento,Si,
163,69,0.1,auditiva|oído|salud auditiva|orejas|oídos|escuchar|ruido|acústica|otitis|auditiva niños,"¿Pesadillas? Estudian nuevo tratamiento con sonidos para evitar esta molestia ||| Malformación de las orejas: una enfermedad huérfana que necesita más apoyo ||| Niña de 2 años no habría recibido atención médica por bola que tiene en oído ||| Niño llora al escuchar por primera vez, su diagnóstico era sordera total de nacimiento ||| Los problemas Auditivos tienen tratamiento",Salud auditiva,Servicios medicos y atencion clinica,Si,
164,67,0.1,trump|donald trump|donald|casa blanca|harris|blanca|salud trump|organización mundial|organización|kamala,"Posponen el juicio a Trump por difamación por la enfermedad de un miembro del jurado ||| Vuelve a retrasarse el juicio contra Trump por la enfermedad de un jurado ||| Se mudó a EE. UU. y dijo cuál fue el primer mal de salud que tuvo al llegar ||| Detector: Donald Trump no fue hospitalizado de urgencia ni contrajo rabia ||| ""Trump se encuentra bien y está siendo examinado en un centro médico"": campaña del candidato republicano da parte de tranquilidad",Politica sanitaria de EE.UU. (Trump/OMS),Excluir (no-salud),No,Politica interna estadounidense; sin relacion directa con la agenda sanitaria colombiana.
165,67,0.1,cabello|alopecia|pelo|caída cabello|cortarse|salud cabello|cortarse cabello|alisar cabello|alisar|caída,"Conozca cómo revivir el cabello después del covid-19 ||| Productos para alisar el cabello aumentan riesgo de cáncer de útero ||| Cáncer de útero: Productos para alisar el cabello aumentarían al riesgo ||| Los productos para el cabello que aumentan el riesgo de padecer cáncer, según estudios ||| ¿Por qué alisarse el cabello podría poner en peligro su salud?",Caida del cabello y alopecia,Servicios medicos y atencion clinica,Si,
166,66,0.1,bebé|muerte bebé|muerte|baby demoni|demoni|baby|negligencia|muerto|bebé meses|bebé muerto,Madre denuncia muerte de su bebé en hospital Mario Gaitán Yanguas ||| Denuncian negligencia médica en fallecimiento de una bebé ||| Muere bebé de 16 meses por presunta negligencia médica en centro de patio bonito ||| Medicina Legal: cuál fue la causa de muerte de bebé dentro de vehículo en motel ||| Hospital dice que no vio abuso en bebé de que murió en Valledupar,Muerte de bebes por negligencia,Violencia y salud,Si,
167,64,0.1,deudas|deuda|deudas eps|billones|deuda eps|eps|25 billones|contraloría|eps deudas|100 billones,"Deuda total de las EPS es de 23 billones de pesos, corrige la Supersalud ||| SuperSalud afirmó que las deudas de las EPS ascienden a los $23 billones ||| Deudas de las EPS ascienden a $23,3 billones: Supersalud ||| Deuda en Huila de las EPS liquidadas supera los $200 mil millones ||| EPS le responden a la Adres: insisten en que el Estado tiene billonarias deudas pendientes",Deuda del sistema de salud (EPS),Sistema de salud y aseguramiento,Si,
168,64,0.1,cannabis|marihuana|coca|cannabis medicinal|fines médicos|fines|venta cannabis|medicinal|coca amapola|amapola,"Meten a los derivados del cannabis en planes de salud ||| Pacientes de Capital Salud EPS con acceso a productos de cannabis medicinal ||| Así impacta el consumo de marihuana en la salud mental ||| Capital Salud, primera EPS que se tira al agua con la marihuana medicinal ||| Cuide su salud cardiaca: lo que dicen recientes estudios sobre los efectos de los vapeadores y la marihuana",Cannabis medicinal,Sistema de salud y aseguramiento,Si,
169,64,0.1,redes sociales|sociales|redes|salud mental|mental|adicción|digital|sociales salud|adicción redes|mental redes,¿Cómo estar en las redes sociales sin descuidar la salud mental? ||| Instagram y Pinterest llamados a hablar por primera vez de salud mental en la corte británica ||| Revelan riesgos en la salud mental de los adolescentes por uso excesivo de redes sociales ||| Facebook: adicción a esta red social empeora la depresión ||| Salud pública de EE.UU. advierte daño a la salud mental de jóvenes por redes sociales,Redes sociales y salud mental,Salud mental y conducta suicida,Si,
170,64,0.1,indígenas|indígena|intercultural|salud intercultural|sierra|comunidades|sierra nevada|nevada|unimagdalena|salud indígena,¿La medicina tradicional indígena se está perdiendo en Cúcuta? ||| OMS desarrollará plan para mejorar salud de pueblos indígenas en todo el mundo ||| ¿Cómo entran los pueblos indígenas al sistema de salud? ||| Desafíos y oportunidades en la salud de los Pueblos Indígenas en nuestro país ||| El estado de la salud de los indígenas Wayúu,Salud intercultural indigena,Poblaciones vulnerables y equidad en salud,Si,
171,64,0.1,lula|lula silva|silva|presidente brasil|hemorragia|intracraneal|brasil|hemorragia intracraneal|brasil lula|intracraneal lula,'Lulú' recibió fatal puñalada en el cuello: La víctima murió al ingresar al hospital ||| Médicos de Lula Da Silva estudian darle de alta ||| Lula ya camina y realiza fisioterapia tras superar con éxito una cirugía en la cadera ||| Lula se recupera con éxito tras cirugía de implante ||| Lula fue sometido con éxito a una cirugía en la que se le implantó una prótesis de cadera,Salud de Lula da Silva,Servicios medicos y atencion clinica,Si,
172,63,0.09,madonna|infección|infección bacteriana|reina isabel|bacteriana|reina|gira|isabel|madonna uci|dolly parton,"Reina Isabel II: las extrañas manchas en sus manos que alertaron sobre su estado de salud ||| Reina Isabel II noticias hoy: foto manos demuestran algo gravísimo, según médico ||| La reina Isabel, bajo supervisión médica por la preocupación sobre su salud ||| Reina Isabel II: las extrañas manchas en sus manos que habían alertado sobre su estado de salud ||| Adele admite tener una infección por hongos luego de presentarse en Las Vegas",Salud de celebridades internacionales,Servicios medicos y atencion clinica,Si,
173,63,0.09,gana|colombia 2024|enfermeros|médicos|gana médico|empleo|salario|médicos colombia|colombia|vacantes,"Cuánto gana un conductor, ingeniero, cocinero y médico en España ||| Salarios de médicos y profesionales se afectaría en Colombia por Minsalud ||| Oferta de empleo en México: solicitan médicos especialistas en distintas áreas ||| Oferta de empleo del Sena: requieren enfermeros colombianos en Estados Unidos ||| La enfermera colombiana que rompe barreras en Canadá",Salarios y vacantes para personal de salud,Salud laboral y ocupacional,Si,
174,62,0.09,gatos|gato|felino|envenenamiento gatos|envenenamiento|mortal coronavirus|coronavirus felino|gata|gato fiebre|gato enfermo,"Muere Thurston Waffles, el gato que se volvió viral por sus maullidos ||| 'Ranking' de las mejores comidas para gatos: cuide la salud de sus amigos ||| Alias la gata enfrentaría nuevamente quebrantos de salud ||| 4 señales de alerta que dicen si un gato tiene fiebre o está enfermo ||| Mascotas: cuántos gatos puede tener una gata en embarazo y curiosidades de gatos",Salud animal (gatos),Excluir (no-salud),No,"Salud veterinaria felina, fuera del alcance de salud publica humana."
175,62,0.09,médicos venezolanos|venezolanos|médicos|títulos médicos|convalidar|colegio médico|convalidar títulos|títulos|médico colombiano|colegio,La vida de una médica colombiana en la guerra de Ucrania ||| ¡Qué orgullo! 374 médicos colombianos están nominados a los premios Doctoralia ||| Ecuador: sicario entró a hospital haciéndose pasar por un doctor ||| Un médico preocupado por los pacientes colombianos ||| Médicos en Bogotá denuncian allanamientos arbitrarios por parte de la Dian; esto dice la entidad,Convalidacion de titulos de medicos venezolanos,Salud laboral y ocupacional,Si,
176,60,0.09,cáncer pulmón|pulmón|pulmón síntomas|cáncer|pulmón cáncer|síntomas|pulmón prestar|síntoma cáncer|prestar atención|prestar,"Cáncer de pulmón, uno de los más comunes y silenciosos, ¿cómo detectarlo? ||| Cáncer de pulmón: claves para entenderlo ||| Padecer cáncer de pulmón y enterarse demasiado tarde ||| Cáncer de pulmón, diagnósticos tardíos reducen posibilidades de vida ||| Tareas pendientes para el cáncer de pulmón en Antioquia",Cancer de pulmon,Enfermedades cronicas y no transmisibles,Si,
177,55,0.08,editorial|tiempo editorial|editorial opinión|opinión|editorial tiempo|columna|bogota|tiempo|vanguardia com|vanguardia,"Cayó 'La Cirujana' | El Nuevo Día ||| DIPLOMACIA DE LA SALUD: LA VIRUELA SÍMICA Y ACCESO A LAS VACUNAS* ||| 'La vina', recordada enfermera de La Paz ||| Covid para rato - Editorial El Tiempo - Editorial - Opinión ||| SALUD Y BIENESTAR PARA LOS DOCENTES DEL HUILA",Columnas de opinion (editorial),Sin clasificar (ruido),No,Fragmento de secciones editoriales/opinion sin tema unico identificable.
178,55,0.08,minsalud|medicamentos procuraduría|medicamentos|escasez|desabastecimiento|medicamentos minsalud|escasez medicamentos|minsalud escasez|desabastecimiento medicamentos|minsalud establece,"Minsalud: así avanza el presunto desabastecimiento de medicamentos ||| Minsalud calcula 500 medicamentos en escasez, pese a 'falta de información' ||| MinSalud advirtió que solo hay 500 medicamentos escasos y pidió usar marcas genéricas ||| Estrategia de Minsalud para superar escasez de medicamentos ||| Procuraduría investiga formalmente a MinSalud e Invima por desabastecimiento de medicamentos",Desabastecimiento de medicamentos (Minsalud),Sistema de salud y aseguramiento,Si,
179,54,0.08,conciertos|concierto|cancela|canceló|problemas salud|silvestre|silvestre dangond|show|gira|dangond,Justin Bieber cancela su gira por problemas de salud ||| Aplazaron concierto de Juan Fernando Velasco en Medellín por covid-19 ||| Imagine Dragons suspendió concierto en Bogotá por salud de Dan Reynolds ||| Daniel Barenboim deja la Ópera de Berlín por motivos de salud ||| Piero cancela gira por Latam tras problemas de salud,Cancelacion de conciertos por salud del artista,Servicios medicos y atencion clinica,Si,
180,54,0.08,atlántico|salud atlántico|atlántico atlántico|gobernación|puestos salud|gobernación atlántico|puestos|soledad|atlántico convenio|luruaco atlántico,Atlántico: quejas por servicios de salud ||| Gobernación del Atlántico lideró la atención en salud de las familias damnificadas por la ola invernal ||| Secretaria de Salud del Atlántico habla sobre aciertos y preocupaciones alrededor a la reforma a la salud ||| Secretaría de Salud del Atlántico responde a la Superintendencia ||| Salud: Municipios del Atlántico se suman a la Semana de Vacunación de las Américas,Puestos de salud (Atlantico),Sistema de salud y aseguramiento,Si,
181,54,0.08,petro uribe|uribe|reunión|reunión petro|tinto|uribe reforma|petro|álvaro uribe|tinto petro|álvaro,"Ministro de Salud Guillermo Alfonso Jaramillo dijo que el expresidente Álvaro Uribe es su ""amigo"" ||| Petro también invitó a Uribe a tomar un tinto para hablar de reforma a la salud ||| Presidente Petro responde a Uribe condicionando reunión con el Centro Democrático a que no se pare el debate de la reforma a la salud ||| Álvaro Uribe y Gustavo Petro se reunirán para hablar de reforma de salud ||| Álvaro Uribe confirmó reunión con Gustavo Petro para abordar la reforma a la salud",Reunion Petro-Uribe (reforma a la salud),Politica sanitaria e institucional,Si,
182,54,0.08,sura|eps sura|retiro|retiro voluntario|voluntario|retiro sistema|retirarse sistema|retirarse|sistema salud|sistema,"EPM se aprieta el cinturón y ordena liquidar su servicio médico ||| EPM se aprieta el cinturón liquidando su servicio médico y recortando salarios ||| ¿Qué pasará con los afiliados de la EPS Asmet Salud en los departamentos donde dejará de operar? Esto dijo la SuperSalud ||| Renunció el interventor de la EPS Asmet Salud, en medio de cuestionamientos por supuesto impedimento y retención de pagos ||| Sura no comercializará su plan compementario a nuevos pacientes | Empresas | Negocios",Retiro voluntario de EPS del sistema (Sura),Sistema de salud y aseguramiento,Si,
183,53,0.08,director|invima|director invima|germán velásquez|invima director|velásquez|germán|propiedad|velásquez director|director propiedad,"El Invima, sin director o directora en propiedad ||| Invima tiene nueva directora: Mariela Pardo Corredor | Gobierno | Economía ||| Entidades del Gobierno Gustavo Petro que no tienen directores; Invima, preocupa ||| Desde cuenta oficial del Invima se está invitando a marchar este 27 de septiembre; se suma a llamado de ministros y otras entidades ||| Petro pidió reestructurar el Invima y le dieron palo porque aún no ha nombrado director en propiedad",Direccion del Invima,Politica sanitaria e institucional,Si,
184,53,0.08,cáncer colon|colon|cáncer|colon síntomas|señales|colon señales|colon recto|recto|síntomas|síntomas cáncer,Esta es la bacteria que puede causarle cáncer de estómago ||| Estos son los síntomas del cáncer de colon; así se puede detectar a tiempo ||| Siete signos que podrían indicar Cáncer de Colon y Recto ||| 7 signos que podrían indicar cáncer de colon y recto ||| A partir de los 45 años hay mayor riesgo de padecer cáncer de colon: médico experto,Cancer de colon,Enfermedades cronicas y no transmisibles,Si,
185,53,0.08,coronavirus|casos coronavirus|coronavirus colombia|enero 2021|2021|coronavirus mundo|positivo coronavirus|variante|enero|casos,"Argentina: Casos de coronavirus aumentan en Octubre 2022 ||| Por rebrote de coronavirus, confinan distrito de Wuhan (China) ||| El amor en los tiempos del coronavirus, el libro ||| Las deshonrosas cifras del coronavirus en China: 60.000 muertos en un mes ||| Imputaron cargos a Monsalvo por irregularidades en ayudas humanitarias por coronavirus",Casos de coronavirus en Colombia (2021),Enfermedades transmisibles,Si,
186,53,0.08,diagnosticaron|diagnosticaron cáncer|cáncer|pensó|descubrió|ignoró síntomas|lengua|mujer|ignoró|diagnosticado cáncer,Vendedora ambulante fue diagnosticada con cáncer y perdió 20kg en 3 meses ||| Mujer fue al médico por estrés y terminó siendo diagnosticado con cáncer ||| Fue al médico por estrés y le diagnosticaron cáncer de lengua ||| Joven fue al médico por estrés y le dijeron que tenía cáncer en la lengua ||| A los 81 años se graduó de la universidad: batalló contra el cáncer y un derrame cerebral,Historias de diagnostico tardio de cancer,Enfermedades cronicas y no transmisibles,Si,
187,53,0.08,insulina|diabetes|diabetes colombia|desabastecimiento insulina|escasez insulina|desabastecimiento|riesgo desabastecimiento|escasez|insulina país|insulina colombia,Diabetes en Colombia deja millones de afectados ||| Estos son los municipios con mayor casos de diabetes en el Cesar ||| Resistencia a la insulina: signos y síntomas a los que se les debe prestar atención ||| ¿Cuántas personas mueren por diabetes en Colombia? esto revelan los expertos ||| Colombia es el tercer país con mayor cantidad de casos en América Latina de diabetes,Desabastecimiento de insulina,Sistema de salud y aseguramiento,Si,
188,52,0.08,corrupción|corrupción salud|riesgos corrupción|salud corrupción|corrupción modelo|corrupción sistema|riesgo corrupción|corrupción fomag|riesgos|magisterio corrupción,"Crece fuego amigo contra reforma a la salud: ""me aterra que se repita la corrupción"", dice ministra de Petro ||| ""La reforma a la salud encierra un riesgo inmenso de corrupción"" ||| Reforma a la salud presenta riesgos de corrupción: Gaviria ||| Nuevo proyecto de ley busca acabar las mafias en las facultades de medicina e incentivar los posgrados en las universidades públicas ||| Alejandro Gaviria dijo que Reforma a la Salud generará más corrupción",Corrupcion en el sistema de salud,Sistema de salud y aseguramiento,Si,
189,52,0.08,enfermeros|alemania|sena|vacantes|trabajar|enfermeras|empleo|oferta|pagan|enfermeros alemania,Oferta de empleo del Sena: requieren 200 enfermeros para trabajar en EE. UU. ||| Ofertas de empleo para profesores y enfermeros en Alemania: pagan $15 millones ||| Ofertas de empleo en Estados Unidos del Sena para enfermeros; pagan $23 millones ||| Alemania busca enfermeros: conozca cómo aplicar a la oferta ||| Nueve enfermeros se graduaron gracias a las becas de la Alcaldía,Migracion laboral de enfermeros a Alemania,Salud laboral y ocupacional,Si,
190,51,0.08,medellín|hospital general|general|general medellín|medellín medellín|personería|salud medellín|medellín personería|hospital|medellín problemas,"Personería inició vigilancia administrativa al Hospital General de Medellín tras sellamiento en varios servicios ||| 'Edificios enfermos', un mal que sigue haciendo estragos en Medellín ||| Personería de Medellín abrió indagación previa contra el Hospital General ||| Duro debate enfrentó a concejales y al gerente del Hospital General de Medellín ||| Medellín: Las presuntas irregularidades en el Hospital General",Problemas del Hospital General de Medellin,Sistema de salud y aseguramiento,Si,
191,51,0.08,geles|omar geles|omar|ómar geles|ómar|miami|geles hospitalizado|muerte omar|síncope|concierto,"Audiencia de Jhonier Leal, por muerte de Mauricio Leal: transmisión EN VIVO ||| Estefanía Borge: los médicos le dieron un año de vida ||| Omar Geles fue llevado de urgencias a hospital en Miami ||| Ómar Geles en el hospital con pronóstico reservado: parece que fue un preinfarto ||| Omar Geles fue hospitalizado de urgencia por grave descompensación",Muerte de Omar Geles (sincope),Servicios medicos y atencion clinica,Si,
192,50,0.08,hepatitis|hepatitis medellín|virus hepatitis|brote hepatitis|dagua|casos hepatitis|hepatitis hepatitis|hepatitis alerta|mundial hepatitis|medellín síntomas,"Prevenir la hepatitis viral está en tus manos ||| Hepatitis A, una enfermedad que causa alarma entre habitantes de Cali ||| Dosquebradas confirma siete casos de Hepatitis A ||| Alerta por Hepatitis A en el municipio de Dosquebradas ||| Risaralda trabaja para disminuir los índices de Hepatitis B",Brote de hepatitis A,Enfermedades transmisibles,Si,
-1,25886,38.85,salud|reforma|reforma salud|eps|hospital|gobierno|cáncer|médico|enfermedad|clínica,"Investigan origen de brote de hepatitis A en Dagua, Valle del Cauca ||| Minsalud afirma que se están resolviendo los problemas de abastecimiento de insulina ||| Minsalud: Escasez de insulinas humanas cristalina e isófana empieza a resolverse ||| Nueve artículos centran discusión de fondo de reforma a salud ||| Laboratorios deberán surtir tipos de insulina que escasean: Minsalud",Ruido / mixto sin patron tematico claro,Sin clasificar (ruido),No,"Topico de ruido HDBSCAN (38.85% del corpus social); mezcla reforma a la salud, EPS, hospitales, cancer, etc. sin patron unico interpretable."
