topic_id;tamano;pct_corpus;palabras_clave;docs_representativos;etiqueta;categoria;incluir;notas
0;261;545;alimentación|humano alimentación|derecho humano|transformaciones derecho|humano|derecho|transformaciones|convergencia regional|convergencia|regional;"Climática climático en las poblaciones aledañas Distrito de riego del Triángulo del Tolima Derecho Humano a la Alimentación Educación superior en el campo Seguridad Humana y Justicia Social ||| Convergencia Regional Ruta del cacao (Bucaramanga - Barrancabermeja - Yondó) Otras transformaciones: Derecho Humano a la Alimentación; ||| Atlántico Convergencia Regional Navegabilidad de los ríos Magdalena, Atrato, Meta y Magdalena Otras transformaciones: Derecho Mompox Chocó Humano a la Alimentación; ||| Convergencia Regional Obras de recuperación de la navegabilidad del río Magdalena Otras transformaciones: Derecho Humano a la Alimentación; ||| Convergencia Regional Transversal del Carare Otras transformaciones: Derecho Humano a la Alimentación;";Derecho a la alimentacion y convergencia regional;Nutricion y seguridad alimentaria;Si;"Mezcla derecho humano a la alimentacion con fragmentos de convergencia regional; revisar si conviene dividir."
1;121;253;paz|reparación|conflicto|víctimas|implementación|víctimas conflicto|integral|nacional|plan|planes;"i. Superación de situación de vulnerabilidad para la reparación efectiva e integral de la población víctima del conflicto 84 ||| 1. Plan Cuatrienal de Implementación del Acuerdo de Paz con las ||| 7. Reivindicación de los derechos de los grupos más afectados, e integración de personas que dejan las armas para reconstruir el tejido social 242 a. Diálogo, memoria, convivencia y reconciliación para la reconstrucción del tejido social 243 b. Acceso efectivo de las víctimas del conflicto armado a las medidas de reparación integral 244 c. Inclusión de las personas que han dejado las armas y potenciar su participación en las comunidades y territorios donde habitan 244 ||| 5. Acuerdo sobre las víctimas del conflicto: ""Sistema Integral de Verdad, ||| 3. Reparación efectiva e integral a las víctimas 292";Paz, reparacion y victimas del conflicto;Excluir (no-salud);No;"Implementacion del Acuerdo de Paz y reparacion a victimas; sin relacion directa con salud publica."
2;106;221;sexualidad|derechos|sexual|reproducción|reproductiva|reproductivos|sexuales|dts|salud sexual|salud;Y ACCIONES ¿QUIÉN? AGENTES 1.Sexaualidad Promoción de la Salud: 1.SECTORIALES: Superintendencia. condicion humana 1.Disfrute libre expresión. MSPS. Organismo Territorial, EPS, IPS, INS, 2. Igualdaad y equidad 2. Vida e integridad. 3. Privacidad. ASCOFAME y otras 4. Igualdad No discriminación. ||| DS y DR pertenencia étnica de calle, trabajo sexual y 5.Gestión de conocimiento privadas de la libertad o en custodia ||| Objetivos y Acciones farmacológica o quirúrgica o confinamiento, sobre la base de una expresión sexual protegida, orientación sexual, historia o comportamiento sexual, identidad o expresión de género o situación reproductiva. ||| 5. Adaptar los procedimientos administrativos del sistema de salud a la identidad de género que indique o defina la propia persona, ello implica procesos de identificación a través de la gestión de documentos de identidad dentro del sistema, carné y otras certificaciones oficiales, coherentes con ello, sitios de hospitalización, reclusión, custodia entre otros. ||| 1. Desarrollar contenidos y reglamentaciones que desde la integración en la prestación de los servicios de salud sexual y salud reproductiva, evidencien las interrelaciones e interdependencias entre los diferentes contenidos y componentes definidos desde la ciencia hasta hoy y los que se desarrollen en el futuro.;Salud sexual y reproductiva (derechos);Salud sexual y reproductiva;Si;
3;100;209;artículo|recursos|ley|pago|fondo|parágrafo|entidades|crédito|crédito público|entidad;2. Administración eficiente de los recursos de tesorería y del servicio de deuda 368 ||| ARTÍCULO 104.o. INTEROPERABILIDAD EN LOS SISTEMAS DE PAGO DE BAJO VALOR INMEDIATOS. Los sistemas de pago de bajo valor que presten servicios relacionados con órdenes de pagos y/o transferencias de fondos inmediatas, deberán interoperar entre sí, de conformidad con la regulación que para el efecto expida la Junta Directiva del Banco de la República, la cual incluirá entre otros, los siguientes aspectos: 1. Características de las órdenes de pagos y/o transferencias de fondos que sean consideradas inmediatas, las condiciones operativas y técnicas de la interoperabilidad de los sistemas de pago de bajo valor inmediatos, incluyendo los estándares y parámetros de las tecnologías de acceso de las órdenes de pago y/o transferencias de fondos inmediatas y del tratamiento de información para la ejecución de estas, que se requieran para promover la interoperabilidad. 2. Características del proceso de compensación y liquidación de las órdenes de pago y/o transferencias de fondos inmediatas. 3. Estándares y condiciones para el suministro del servicio de procesamiento de las órdenes de pago y/o transferencias de fondos inmediatas a los consumidores financieros requeridos para promover la interoperabilidad. 4. Estándares y condiciones de la promoción y uso de la marca de los servicios de interoperabilidad de las órdenes de pago y/o transferencias de fondos inmediatas. ||| Ley 2294 de 2023 PARÁGRAFO. Los recursos de las transferencias monetarias de que trata esta ley serán inembargables y no podrán abonarse a ningún tipo de obligación del beneficiario con la entidad financiera a través de la cual se disperse la transferencia monetaria. ARTÍCULO 69.o. EL BENEFICIO DE AUDITORÍA. Prorróguese por los años gravables 2024, 2025 y 2026 el beneficio de auditoría, consagrado en el artículo 51 de la Ley 2155 de 2021. Prorroga que se cumplirá en las mismas condiciones que exige el citado artículo de la Ley 2155 de 2021. ||| DE LAS GARANTÍAS PAGADAS POR EL FONDO AGROPECUARIO DE GARANTÍAS. El Fondo Agropecuario de Garantías (FAG) podrá adelantar la depuración definitiva de los saldos contables de las garantías pagadas en recuperación, para lo cual aplicará lo dispuesto en el numeral 8 del artículo 2.5.2.1 del Título 2 de la Parte 5 del Libro 2 del Decreto 1068 de 2015. FINAGRO en su calidad de administrador del FAG estará facultado para vender a Central de Inversiones (CISA) las garantías pagadas por dicho fondo de acuerdo con los lineamientos definidos para el efecto por el Ministerio de Hacienda y Crédito Público. FINAGRO podrá, igualmente, celebrar acuerdos de recuperación y saneamiento respecto de las obligaciones en mora, los cuales podrán incluir la condonación de los intereses, así como parte del capital de los valores pagados por el FAG y las garantías que administre a través de contratos o convenios. La Comisión Nacional de Crédito Agropecuario, como administrador del Sistema Nacional de Crédito Agropecuario, definirá los lineamientos generales para efectuar las condonaciones y FINAGRO adoptará los procedimientos y las medidas necesarias para su implementación. Los acuerdos de recuperación y saneamiento de cartera agropecuaria de que trata el presente artículo, también podrán ser aplicados por los intermediarios financieros beneficiarios de las garantías del FAG. ||| FONDO DE AHORRO Y ESTABILIZACIÓN (FAE). Los préstamos otorgados a la nación-Ministerio de Hacienda y Crédito Público por el Fondo de Ahorro y;Disposiciones normativas y fondos (articulos de ley);Politica sanitaria e institucional;Si;"Fragmentos juridicos/presupuestales genericos; revisar si aplica a financiacion de salud."
4;98;205;colombia|país|artículo|nacional|alimentos|internacional|desarrollo|mundial|ley|colombianos;5. Alimentos sanos y seguros para alimentar a Colombia 158 a. Política de inocuidad de los alimentos para el país 158 b. Seguimiento e intervención de brotes de ETA, con un enfoque intersectorial, territorial y colaborativo 158 ||| c. Salvaguardia y fomento de la alimentación y las cocinas tradicionales de Colombia 160 d. Intervención de la población con situaciones de malnutrición 160 e. Suministro de agua apta para el consumo humano en todo el territorio nacional 161 ||| 5. Alimentos sanos y seguros para alimentar a Colombia Se priorizará la salud pública y la sanidad animal y vegetal favoreciendo el comercio local e internacional. Se creará el sistema de trazabilidad de alimentos y se optimizará el sistema de vigilancia en salud pública y sistemas de alerta relacionados con las enfermedades trasmitidas por alimentos (ETA) y eventos asociados. Este catalizador busca cumplir estándares en materia de sanidad e inocuidad en la cadena alimentaria. a. Política de inocuidad de los alimentos para el país La política de inocuidad de alimentos atenderá los puntos críticos relacionados con la distribución y comercialización de alimentos, con un enfoque de prevención y de análisis de riesgo (evaluación, gestión y comunicación) en los diferentes eslabones de las cadenas de producción, definiendo y fortaleciendo las funciones y los mecanis­ mos de coordinación con la comunidad y los gobiernos locales. Las autoridades en materia de sanidad e inocuidad podrán establecer estrategias de gradualidad para la implementación de sus sistemas tarifarios y así reducir los impactos de esos costos en los productores. Se crearán herramientas que fortalezcan los procesos de notificación de la comunidad sobre alimentos y bebidas. Se desarrollará una estrategia dirigida a los diferentes actores de los sistemas agroalimentarios para mejorar los conocimientos técnicos en materia de sanidad e inocuidad a lo largo de la cadena, considerando la utilización de plataformas digitales, de radio y televisión. Así mismo, se crearán y socializarán lineamientos para la higiene y el manejo de la cocina tradicional y artesanal bajo los estándares sanitarios vigentes. b. Seguimiento e intervención de brotes de ETA, con un enfoque intersectorial, territorial y colaborativo Se fortalecerá el sistema de vigilancia en salud pública por medio de: (a) Generación de capacidades para la identificación oportuna del evento de ETA por parte de la comunidad y del sistema de salud. (b) Capacitación continua de equipos territoriales para realizar el rastreo y trazabilidad de los alimentos consumidos, en tiempo, lugar y población afectada. (c) Potencialización de las herramientas y lineamientos de política que permitan definir e intervenir de manera intersectorial los factores generadores de ||| OCDE LAC Costa Rica Chile México Colombia productivos para Fuente: DNP, 2022, a partir de RICYT y OCDE. la integración regional, fortalecer Se requiere una producción industrial sostenible, cerrar las capacidades brechas tecnológicas, impulsar encadenamientos productihumanas y vos para la integración regional, fortalecer las capacidades generar empleos humanas y generar empleos de calidad. Para ello, se deben diseñar mecanismos de financiación para lograr la inclusión de calidad. financiera de las unidades productivas del país. Así mismo, se debe fortalecer la calidad de nuestros productos, priorizar los encadenamientos productivos con agregación de valor ||| Nacional de desarrollo económico, social y ambiental. Gracias a los Desarrollo que diálogos regionales, los objetivos se han definido de manera colectiva, respetando las diversidades territoriales, étnicas desde el comienzo y culturales. cuenta con la participación Este es el primer Plan Nacional de Desarrollo que desde el comienzo cuenta con la participación de todas las personas de todas las que a lo largo y ancho de Colombia han querido expresar personas a lo sus opiniones acerca de los proyectos estratégicos que largo y ancho de garantizan mejores condiciones de vida. Colombia.;Colombia en el contexto internacional (desarrollo pais);Excluir (no-salud);No;Terminos genericos de desarrollo nacional/internacional sin foco especifico en salud.
5;87;182;convergencia regional|convergencia|regional|vía|férrea|conexión|conexión férrea|san|corredor férreo|corredor;"Convergencia Regional (Belén - Socha - Sácama - La Cabuya - Paz de Ariporo), ||| Convergencia Regional Soberanía (La Lejía - Saravena), en departamentos de Norte de Santander ||| Convergencia Regional Pavimentación vía Belalcázar - Naranjal - Mosoco - Silvia ||| Convergencia Regional terciaria que conduce al municipio de San Vicente del Caguán ||| Convergencia Regional Chairá; Muelle Principal en San Vicente del Caguán; Muelle";Convergencia regional: infraestructura ferrea/vial;Excluir (no-salud);No;
6;83;173;2025|et|eliminación|msps|continuo|ins|salud|ips|msps ins|eventos;"Personal de salud instituciones e incluir en la agenda la inducción y reinducción INC, INVIMA, con estímulo a la certificación para el talento humano IETS, CDFLLA, involucrado en el Plan Nacional de Eliminación con el fin HUSJDMI, ET, Fortalecer las fortalecer las capacidades y conocimientos de los eventos EPS, IPS capacidades priorizados en los territorios, frente a los procesos de técnicas, atenciones en salud, articulación del sistema de salud, operativas y los vigilancia en salud pública, notificación de eventos, análisis conocimientos del de datos y generación de informes. Estas actividades de talento humano y formación pueden ser en diferentes modalidades (presencial, las comunidades virtual, híbrido) y deben contar con mecanismos para evaluar de los territorios su impacto. Estas capacitaciones incluirán componentes de enfoque diferencial: derechos humanos, equidad de género, curso de vida, población vulnerable, interculturalidad y ética en salud pública, en concordancia con el modelo de salud del país. ||| Actividades clave Subactividades Frecuencia Responsables de Salud Pública inicio 2022-2031 Gestionar oportunamente la habilitación de servicios de salud Continuo ET, EPS, IPS 2025 garantizando la calidad de los mismos en los territorios Integrar y operar las actividades específicas de vigilancia, Continuo ET, EPS, IPS 2025 notificación, prevención, diagnóstico, tratamiento, seguimiento, rehabilitación y paleación de las enfermedades priorizadas en el Plan Nacional de Eliminación, dentro de la gestión de las Rutas Integrales de Atención en Salud - RIAS Fortalecer el uso de pruebas de diagnóstico rápido (PDR) y Contínuo MSPS, ET, 2025 POCT en las IPS del nivel primario, EBS, gestores de salud, EPS, IPS promotores de salud y organizaciones de base comunitaria, quienes deben estar debidamente capacitados para el uso de estos en el tamizaje y diagnóstico de: VIH, hepatitis B, sífilis, malaria, leishmaniasis visceral, enfermedad de Chagas, tuberculosis, lepra y demás para los que se disponga de esta tecnología registrada y verificada en el país Implementar el uso de servicios móviles con tecnología Según MSPS, ET, 2025 portátil como: rayos X con CAD (Computer Aided Detection) necesidad EPS, IPS para el diagnóstico de tuberculosis y servicios de telemedicina para los eventos que lo requieran Realizar tamizaje de enfermedades crónicas según edad y Según EPS, IPS 2026 riesgos identificados en las personas con diagnóstico de necesidad enfermedades transmisibles priorizadas Implementar intervenciones colectivas con un enfoque Según MSPS, ET, 2025 integral e integrado, adaptado al contexto local, necesidad EPS, IPS aprovechando plataformas de servicios como ej. salud materno-infantil, vacunación y desparasitación, unidades de diagnóstico (PDR), tratamiento, saneamiento ambiental, manejo integrado de vectores, etc. Estos deben ser georreferenciados, con previo diseño, idealmente con ejecución espacio-temporal simultánea, esto principalmente ||| Recurso operativo 7. Planeación, monitoreo, seguimiento y evaluación eficiente de la salud pública ||| Actividades clave Subactividades Frecuencia Responsables de Salud Pública inicio 2022-2031 Fortalecer los EBS, Incluir dentro de las actividades programáticas de los Planes Continuo IPS (E.S.E) 2025 gestores de salud, de Cuidado la implementación de actividades clave a los EBS promotores de para el tamizaje, diagnóstico, canalización a las Redes salud, Integrales e Integradas de Salud, incluyendo el reporte de microscopistas y información al sistema de información y actividades colaboradores comunitarias en concordancia con los eventos priorizados en voluntarios, que su territorio de influencia. provean servicios Fortalecer y expandir la red de Colaboradores Voluntarios Según MSPS, ET 2025 integrados e (ColVol) y microscopistas en zonas rurales y rurales dispersas necesidad integrales con con circulación de malaria por P. falciparum; así como disponibilidad de gestores en salud para acciones en tuberculosis, promotores tecnologías POCT de salud y organizaciones de base comunitaria para los para acelerar las eventos priorizados en el Plan Nacional de Eliminación. metas de eliminación Eje estratégico 7: Fortalecer el programa de educación continua de las Continuo MSPS, INS, 2025 ||| Actividades clave Subactividades Frecuencia Responsables de Salud Pública inicio 2022-2031 Priorizar los eventos del Plan Nacional de Eliminación en los Continuo MSPS, INS, ET 2025 observatorios de salud nacionales y territoriales para la generación de análisis integrados y segregados de datos Propiciar espacios de interlocución y trabajo binacional para Según MSPS, INS, 2025 articular esfuerzos en la implementación de estrategias y necesidad INC, IETS, actividades en zonas fronterizas orientadas a la vigilancia y INVIMA, notificación cruzada, el intercambio de información y CDFLLA, experiencias, la transferencia de tecnologías en salud, y el HUSJDMI, ET, tratamiento y seguimiento de casos de los eventos OPS priorizados en el Plan Nacional de Eliminación. Establecer los protocolos técnicos, flujos de información y los Según MSPS, INS 2025 indicadores de evaluación para la vigilancia reactiva, los necesidad cuales serán actualizados según la evidencia científica y el comportamiento epidemiológico nacional";Plan decenal de eliminacion de enfermedades transmisibles (ET);Enfermedades transmisibles;Si;Menciona MSPS, INS, IPS y eliminacion de ET para 2025.
7;72;15;técnico plan|grupo técnico|técnico|decenal salud|plan decenal|decenal|grupo|artículo|salud pública|plan;Bucal, del Cáncer y otras Condiciones Crónicas Documento técnico elaborado por: ||| Referencias bibliográficas Echeverry, G. (1991). Contra viento y marea-25 años de la ||| ARTÍCULO 356.o. ACUERDOS DE LA CONSULTA PREVIA Y OTROS ||| ARTÍCULO 138.o. ACCESO A OFERTA ESTATAL POR PARTE DE LOS ||| ARTÍCULO 113.o. EQUIDAD PRESTACIONAL Y DE BIENESTAR EN;Grupo tecnico del Plan Decenal de Salud Publica;Politica sanitaria e institucional;Si;
8;71;148;reproductivos colombia|nacional sexualidad|sexualidad derechos|política nacional|derechos|sexuales derechos|derechos sexuales|derechos reproductivos|reproductivos|sexuales;46 Política Nacional de Sexualidad, Derechos Sexuales y Derechos Reproductivos Colombia ||| 42 Política Nacional de Sexualidad, Derechos Sexuales y Derechos Reproductivos Colombia ||| 40 Política Nacional de Sexualidad, Derechos Sexuales y Derechos Reproductivos Colombia ||| 26 Política Nacional de Sexualidad, Derechos Sexuales y Derechos Reproductivos Colombia ||| 28 Política Nacional de Sexualidad, Derechos Sexuales y Derechos Reproductivos Colombia;Politica nacional de derechos sexuales y reproductivos;Salud sexual y reproductiva;Si;
9;69;144;transporte|transporte público|público|sistemas transporte|sistemas|movilidad|infraestructura|operación|cofinanciados|pasajeros;"c. Calidad y seguridad del servicio de los sistemas de transporte público con enfoque diferencial 86 ||| Ley 2294 de 2023 los carriles exclusivos o preferenciales de los sistemas de transporte público se podrán destinar en un porcentaje hasta del 60 % del recaudo correspondiente a la entidad territorial, para financiar la operación del respectivo sistema de transporte público. ||| Y CONTROL DE LA SUPERINTENDENCIA DE TRANSPORTE. Estarán sometidas a inspección, vigilancia y control de la Superintendencia de Transporte, entre otras, las siguientes personas naturales o jurídicas que prestan servicios conexos al transporte: Zonas de enturnamiento e infraestructura no concesionada marítima y fluvial. Además de los anteriores sujetos, también estarán sometidos a inspección, vigilancia y control los agentes marítimos como representantes de las líneas navieras y las líneas navieras, en lo que respecta a la debida prestación del servicio público de transporte de las operaciones realizadas en Colombia. ARTÍCULO 253.o. Modifíquese el artículo 33 de la Ley 2169 de 2021, el cual quedará así: ARTÍCULO 33.o. FONDO PARA LA PROMOCIÓN DE ASCENSO TECNOLÓGICO. Créese el Fondo para la Promoción de Ascenso Tecnológico como un patrimonio autónomo constituido mediante un contrato de fiducia mercantil celebrado por el Ministerio de Transporte. El régimen de contratación y administración de los recursos se regirá por el derecho privado. El objeto del Fondo será recibir y administrar los recursos que lo conforman, así como articular, focalizar y financiar la ejecución de planes, programas y proyectos del sector transporte y tendrá las siguientes fuentes generales de financiación: (i) Aportes a cualquier título de la nación de acuerdo con el marco de gasto del sector y el Marco Fiscal de Mediano Plazo; (ii) aportes a cualquier título de las entidades territoriales; (iii) recursos de cooperación nacional o internacional no reembolsable; (iv) donaciones; y (v) los demás recursos que obtenga o que se le asignen a cualquier título. Los recursos de las diferentes fuentes de financiación serán distribuidos entre las subcuentas específicas que se creen para su administración de acuerdo con el reglamento que el Ministerio establezca para el Fondo cuenta. El Fondo administrará los recursos percibidos a través de subcuentas específicas para cada modalidad de transporte, así: ||| PLAN NACIONAL DE DESARROLLO • 2022-2026 menos el 60 % de las rutas del respectivo sistema de transporte público, las cuales deberán contar con el sistema de gestión y control de flota y el sistema de recaudo centralizado en funcionamiento. En el caso de los convenios de cofinanciación que se encuentren en ejecución y ya se haya girado un valor superior, estos giros deberán suspenderse, hasta tanto se cuente con la certificación señalada. PARÁGRAFO CUARTO. Dentro de los seis (6) meses siguientes a la terminación de la ejecución del convenio de cofinanciación, la entidad territorial debe garantizar la entrada en operación del 100 % de las rutas del respectivo sistema estratégico de transporte público de pasajeros. De incumplir con este requisito, la entidad territorial deberá reintegrar al Tesoro Nacional, el 40 % de los recursos de cofinanciación aportados por la nación. Cumplido el primer año contado a partir de la terminación del convenio de cofinanciación, sin que entre en operación total el sistema de transporte cofinanciado por la nación, la entidad territorial deberá reintegrar al Tesoro Nacional el 20 % de los recursos aportados por la nación, adicional a los referidos en el inciso anterior y así por cada año de retraso en la entrada en operación, hasta cumplir el 100 % del aporte de la nación. PARÁGRAFO QUINTO. El Gobierno Nacional hará parte de las juntas y consejos directivos hasta tanto finalice la etapa de construcción o adquisición de los bienes ejecutados con recursos del convenio de cofinanciación, lo cual se reflejará con el acta de recibo final de dichos bienes. No obstante, la participación mayoritaria del Gobierno Nacional deberá garantizarse hasta que el sistema de transporte haya iniciado su operación. Lo dispuesto en este parágrafo aplicará para los nuevos convenios de cofinanciación. PARÁGRAFO SEXTO. En aquellos sistemas de transporte público que se encuentren en operación y hayan sido cofinanciados previamente por el Gobierno Nacional en algunos de sus componentes o modos, se podrá pactar la cofinanciación de componentes independientes que no hayan sido cofinanciados previamente, mediante adición u otrosí al convenio de cofinanciación o mediante la suscripción de un nuevo convenio para el componente independiente, previo cumplimiento de los requisitos establecidos en el presente artículo, para lo cual el Ministerio de Transporte reglamentará lo pertinente. En ningún caso se podrán destinar recursos adicionales para sistemas de transporte púbico que no hayan puesto en funcionamiento su Sistema de Recaudo Centralizado (SRC) y su Sistema de Gestión y Control de Flota (SGCF); y cuya cobertura operacional sea inferior al 70 % de las rutas del respectivo sistema. PARÁGRAFO SÉPTIMO. En los convenios de cofinanciación de nuevos proyectos o sistemas se deberá incluir la obligación a cargo de las entidades territoriales de actualizar los catastros de las zonas en donde se ubique el proyecto, de tal manera ||| ARTÍCULO 2.o. COFINANCIACIÓN DE SISTEMAS DE TRANSPORTE. La nación y sus entidades descentralizadas podrán realizar inversiones dentro del Marco Fiscal de Mediano Plazo con un mínimo del 40 % y hasta por un 70 % en proyectos de sistemas de transporte público de pasajeros (SITM, SITP, SETP y SITR), con dinero administrado a través de una fiducia, o en especie de acuerdo con la reglamentación que para el efecto expida el Ministerio de Transporte. Dentro de dicha reglamentación se tendrá en cuenta que los aportes en especie no podrán superar el 50 % del total del aporte del territorio.";Transporte publico y movilidad;Excluir (no-salud);No;
10;57;119;bogotá|humana justicia|seguridad humana|seguridad|justicia social|departamentos|social bogotá|humana|justicia|bogotá departamentos;Seguridad Humana y Justicia Social las regiones y Bogotá D. C. ||| Seguridad Humana y Justicia Social Hemoderivados y Bogotá D. C. ||| Todos los departamentos sinas, indígenas, negras, afrocolombianas, raizales y Seguridad Humana y Justicia Social y Bogotá D. C. palenqueras y pueblos Rrom ||| Seguridad Humana y Justicia Social nacional y Bogotá D. C. ||| Estrategia de desarme ciudadano armonizada con los Bogotá D. C. lineamientos de la Política Sectorial de Seguridad, Seguridad Humana y Justicia Social;Seguridad humana y justicia social (Bogota/departamentos);Excluir (no-salud);No;Enfoque en seguridad ciudadana, no en salud publica.
11;51;107;salud pública|salud|gestión|pública|conocimiento|sociales|sectores|intersectorial|gestión salud|gestión conocimiento;"4.1 Eje estratégico: Gobierno y Gobernanza de la Salud Pública La salud pública se entiende como un asunto complejo que requiere múltiples capacidades para responder a las necesidades, aspiraciones y demandas crecientes de la población, no solo desde la perspectiva de eventos de enfermedad prevalente, emergente y reemergente, sino desde las posibilidades de mantener la salud y prevenir condiciones que la afecten negativamente. Se relaciona con un conjunto de políticas públicas y acciones de múltiples actores orientadas al mejor nivel de salud posible (derecho a la salud) como base del bienestar y la calidad de vida individual y colectiva. Muchas de estas acciones gubernamentales y no gubernamentales parten de agendas globales y locales, con diversos intereses que se encuentran y permiten avanzar -o no- en las metas y resultados establecidos en salud. Pueden presentar caminos comunes sinérgicos o antagónicos de acuerdo con intereses que deben ser modulados y armonizados buscando impactos colectivos. La coexistencia de múltiples políticas públicas, orientadas desde diversas perspectivas y sectores, generan tensiones estratégicas y operativas que deben ser analizadas y armonizadas para lograr interacciones efectivas en salud pública. También se identifica fragmentación y duplicidad en la acción en salud pública derivada de diversos campos de actuación, dispersión de lineamientos, multiplicidad de herramientas y arreglos institucionales que deben dialogar y trabajar conjuntamente, para obtener logros para todos y para la salud pública. Los sistemas de salud han consolidado a través del tiempo su función rectora, sustentada en diferentes arreglos institucionales gubernamentales, que para el caso de Colombia se expresa en una autoridad sanitaria del orden nacional centrada en el Ministerio de Salud y Protección Social como cabeza de este sector administrativo (incluyendo sus entidades descentralizadas); y autoridades subnacionales, que de acuerdo con los mandatos constitucionales, cuentan con importantes competencias y responsabilidades en alcaldías (municipios y distritos) y gobernaciones (departamentos) orientadas a la garantía de la salud de los pobladores de sus áreas político-administrativas. Este ordenamiento es la base principal de la estructura de gobierno de la salud pública, ordenado en un conjunto de instituciones públicas que administran y dirigen el Estado colombiano. Como lo expresa función pública, ""es importante recordar que el Estado es la forma como la sociedad se ha organizado políticamente para el cumplimiento de unos fines acordados y consensuados entre ellos la garantía de los derechos. El Estado es diferente del gobierno que es el conjunto de las instituciones que se han dotado de poder político, para que en el marco de esa organización política se garantice el interés general y los derechos"". (Función Pública - Estado Social de Derecho). La comprensión del diseño institucional de gobierno para la salud pública y sus alcances de interrelación es la base de una propuesta de trabajo intergubernamental basado en la legalidad, en el reconocimiento de experticias y de agendas comunes en sus diferentes niveles, y del fortalecimiento de la integración de políticas públicas, de normativa y de autoridad sanitaria. El PDSP 2022-2031 hace parte de los instrumentos de política pública que deben garantizar el derecho a la salud como uno de los fundamentos de los mandatos sociales y de su reconocible interés general. La comprensión de que la salud no es un asunto de ausencia de enfermedad y de servicios de salud exclusivamente, sino que sus resultados se relacionan con los determinantes sociales, hace que la perspectiva de gobierno se amplíe a los demás sectores administrativos de la rama ejecutiva del poder público, entendiendo para el alcance de este eje estratégico que el ejercicio de gobierno reconoce relaciones distintas con otros sectores gubernamentales (plano horizontal) como entre niveles nacional, departamental, distrital y municipal (plano vertical). Esto implica que para lograr incidir en los determinantes sociales y establecer el mejor nivel de salud posible (resultados en salud) es necesario asumir que la salud pública es transversal a toda la estructura de gobierno, tanto en lo nacional como en lo subnacional, dando sentido a las recomendaciones derivadas de salud en todas las políticas. Esto significa que la función rectora de la autoridad sanitaria, además de consolidar de forma permanente su acción sectorial, debe fortalecer la acción conjunta con los demás sectores ejecutivos a nivel nacional; y por su parte, los gobiernos subnacionales, deben fortalecer su ejercicio integrado de gabinete (bajo el liderazgo de alcaldes y gobernadores), ampliado a todas aquellas instancias gubernamentales que hacen presencia en el territorio y cuya misionalidad se relaciona con entidades centralizadas o descentralizadas, autónomas o no; con incidencia programática. El ejercicio rector en salud pública recoge de igual manera la relación con las demás instancias de ordenamiento del Estado colombiano potenciando aspectos de control y transparencia. A esta perspectiva de gobierno se agrega la gobernanza de la salud pública que se orienta a trascender esta única mirada de gobierno y establecer relaciones en las que se construye con múltiples actores no gubernamentales, una toma de decisiones participativa, comprometida y legítima. En este sentido, se reconoce que la acción gubernamental tiene límites y que para lograr los mejores resultados en salud es necesaria la acción conjunta con la sociedad civil y de los demás sectores sociales. Tanto el fortalecimiento del gobierno en salud pública, como el avanzar hacia una gobernanza consolidada hacen parte de los ejes estratégicos que establecen la acción para los próximos diez años en el marco del PDSP 2022-2031. ||| 4.1.3 Objetivo Fortalecer la gobernanza democrática y colaborativa y el gobierno multinivel de la salud pública, mediante el desarrollo de capacidades institucionales y sociales y la construcción de configuraciones territoriales que respondan a contextos diversos y apalanquen los procesos de toma de decisiones y de acción colectiva liderados por el Estado con amplia participación e interacción de actores estratégicos, sistemas administrativos, organizaciones sociales y de la ciudadanía. ||| 4.1.4 Elementos orientadores El eje estratégico de gobierno y gobernanza de la salud pública se desarrollará de acuerdo con los siguientes elementos, que dan cuenta del alcance y objetivo: regulación y legalidad para el ejercicio del gobierno y la gobernanza de la salud pública, generación de arreglos institucionales para el gobierno y la gobernanza de la salud pública, desarrollo de la gestión democrática y colaborativa de la salud pública en territorio, fortalecimiento de la transparencia y confianza en la acción pública y conjunta en salud, y fortalecimiento de la participación social y ciudadana en la gobernanza de la salud pública. • Regulación y legalidad para el ejercicio del gobierno y la gobernanza de la salud pública Se relaciona con la coherencia interna y simplificación del ordenamiento jurídico en materia de salud pública, la armonización de regulaciones gubernamentales multinivel, y la adecuación regulatoria para el gobierno y la gobernanza de la salud pública que le brinde legitimidad y sostenibilidad • Generación y adecuación de arreglos institucionales para el gobierno y la gobernanza de la salud pública Se relaciona con el fortalecimiento de la autoridad sanitaria y la rectoría en salud pública, la organización de las relaciones intergubernamentales basada en gestión política de la salud pública que potencian relaciones vinculantes de incidencia en mejores circunstancias de la vida y la salud, y la adecuación de los arreglos institucionales de gobierno y de gobernanza de acuerdo con los contextos territoriales y poblacionales diferenciales. • Desarrollo de la gestión democrática y colaborativa de la salud pública en territorio Se relaciona con la implementación de procesos, reglas de relación, operación, mecanismos de control y convergencia en resultados y acción conjunta; el fortalecimiento de capacidades institucionales, territoriales y sociales requeridas para la gestión de la gobernanza en salud pública, en términos de toma de decisiones basada en acuerdos conjuntos derivados de los objetivos comunes en salud pública y los resultados de valor público; el fomento de la pluralidad organizativa, dinámica y de interacción de acuerdo con los contextos territoriales, institucionales y sociales orientada a la consolidación de la gobernabilidad y la legitimidad; el intercambio colaborativo de conocimiento, recursos, sinergias y capacidades con perspectiva de activos sociales en salud pública; la armonización de las políticas públicas y demás instrumentos relacionados con énfasis en la planeación y la gestión de la salud pública (perspectiva colaborativa y de activos sociales en salud); y la ejecución de la acción colectiva en salud pública basada en interacciones de redes dinámicas de gobierno, instancias multisectoriales, organizaciones sociales y ciudadanas, y demás actores estratégicos, en configuraciones territoriales que reconocen la diversidad y los alcances particulares de la salud pública. • Fortalecimiento de la transparencia y confianza en la acción pública y conjunta en salud Se relaciona con la generación de confianza social sustentada en gobierno abierto, inclusión social diversa, rendición de cuentas y cumplimiento de los acuerdos sociales en el ejercicio de la gobernanza en salud pública, la consolidación de mecanismos para el control de intereses y el acceso abierto a la información, procesos, decisiones y espacios colaborativos de gobierno y gobernanza en salud pública, y la gestión de alternativas para la rendición de cuentas adaptadas y apropiadas según los diferenciales poblacionales y territoriales • Fortalecimiento de la participación social y ciudadana en la gobernanza de la salud pública Se relaciona con la consolidación de procesos de participación informada, incluyente, estable, continua y empoderada de la sociedad civil y la ciudadanía según los contextos territoriales y perspectiva de derechos, la promoción del pluralismo participativo en la gestión integral de la salud pública basado en la acción conjunta, colaborativa y en los activos sociales; el desarrollo de estrategias para el empoderamiento social y organizativo en salud pública y los mecanismos de responsabilidad social que apalanquen la acción conjunta. ||| 4.3.4 Elementos orientadores El eje estratégico de la Atención Primaria Integral en Salud se desarrollará de acuerdo con los siguientes elementos, que dan cuenta del alcance y objetivo: G gestión territorial, administrativa y financiera de la salud pública, gestión del talento humano para la gobernanza de la salud pública, coordinación y articulación entre los distintos sectores, actores, sistemas, niveles y modelos involucrados en la gestión integral de la promoción de la salud, el bienestar y la calidad de vida, promoción y protección de modos, condiciones y estilos favorables a la vida y la salud, promoción y protección del cuidado integral de la salud con enfoque diferencial, fortalecimiento de la participación social en salud, e institucionalización de una cultura para la vida y la salud. • Gestión territorial, administrativa y financiera de la salud pública Se relaciona con la planeación territorial integral en salud pública que involucra la caracterización del territorio en términos de equipamiento, recursos y necesidades; el establecimiento conjunto de prioridades de acción territorial para la salud pública entre los distintos actores del sector salud y demás sectores involucrados; la implementación y posterior evaluación de las acciones; y el desarrollo de sistemas de información integrados para optimizar la toma de decisiones y la acción sostenible en salud pública. • Gestión del talento humano para la gobernanza en salud pública Se relaciona con la disponibilidad, accesibilidad, calidad, pertinencia y continuidad del talento humano en salud en condiciones de protección y seguridad laboral; el desarrollo de equipos interdisciplinares para la atención en salud pública con la participación de agentes comunitarios en salud; el desarrollo de capacidades para el abordaje diferencial, familiar y comunitario en el marco del cuidado integral y la apropiación de una cultura para la vida y la salud; la actualización y desarrollo de capacidades técnicas para el abordaje de las condiciones en salud y para la gestión integral de la salud pública; el reconocimiento del talento humano en salud como educadores, y por tanto, de productores de cultura. • Coordinación y articulación entre los distintos sectores, actores, sistemas, niveles y modelos involucrados en la gestión integral de la promoción de la salud, el bienestar y la calidad de vida Se relaciona con la coordinación y articulación en el territorio de las acciones intersectoriales y sectoriales poblacionales, colectivas e individuales (PIC, RIAS, PBSUPC) de manera integrada y corresponsable entre los actores del sistema y los distintos niveles de gestión territorial de la salud pública; el desarrollo y consolidación de redes integrales de servicios de salud y servicios sociales en condiciones de calidad, accesibilidad, oportunidad y aceptabilidad para la garantía de la atención integral, integrada y continua; la armonización de políticas, planes, programas y proyectos con injerencia en salud pública; la integración de los enfoques de cuidado, gestión del riesgo, salud familiar y comunitaria en el modelo de cuidado integral de la salud; la integración del sistema de protección social, la estrategia promocional de entornos saludables y el modelo de cuidado integral de la salud; y la articulación entre el Sistema Indígena de Salud Propio Intercultural (SISPI), los planes de vida indígenas y otras formas autónomas para el cuidado de la vida y la salud con los niveles de gestión territorial de la salud pública. • Promoción y protección de modos, condiciones y estilos favorables a la vida y la salud Se relaciona con la consolidación de marcos políticos jurídicos y normativos para la promoción de la salud, el bienestar, la calidad de vida y la garantía de derechos; la promoción y protección para un ambiente sano; la prevención y el control frente a las dinámicas incrementales de vulnerabilidad para la población y los ecosistemas, así como con la mitigación de los efectos del cambio climático; acceso a saneamiento básico y promoción y protección de mejores condiciones de vida y salud en entornos urbanos y rurales, así como en entornos educativos, laborales, comunitarios, institucionales y del hogar; protección social y promoción de mejores condiciones de trabajo para la población formal e informal en entornos urbanos y rurales; promoción y protección de la soberanía y la seguridad alimentaria y nutricional; promoción de la recreación, la sana convivencia, la salud mental, la salud sexual y reproductiva, la actividad física y la alimentación saludable. • Promoción y protección del cuidado integral de la salud con enfoque diferencial Se relaciona con la promoción y protección de la salud materno-infantil; la promoción y protección de la salud mental y la sana convivencia, la promoción y protección del desarrollo integral de niños, niñas y adolescentes; la promoción y protección de la salud sexual y reproductiva con equidad de género; la promoción y protección del envejecimiento activo de la población; la promoción y protección del cuidado integral de la salud y la mejoría de las condiciones de vida para la población indígena, negra, afro, raizal y palenquera, Rrom, migrante, víctima del conflicto y población en condición de discapacidad en el territorio colombiano, de acuerdo con el respeto por sus derechos colectivos. • Fortalecimiento de la participación social en salud Se relaciona con la promoción y desarrollo de capacidades para la participación social y la acción colectiva tendientes a mejorar las condiciones de vida y salud de los habitantes del territorio colombiano; el fortalecimiento de los escenarios, mecanismos y recursos para participación social en salud; el respeto por la autonomía y diversidad de las organizaciones sociales y comunitarias para la toma de decisiones y la acción colectiva en salud; la promoción de la participación social en los escenarios de interlocución, diálogo, formulación y concertación de políticas públicas en salud; el fortalecimiento de redes y grupos de apoyo social y comunitarios; y el desarrollo de capacidades para la veeduría ciudadana y el control social de lo público. • Institucionalización de una cultura para la vida y la salud Se relaciona con la promoción y el desarrollo de estrategias de educación y comunicación en el campo de la salud pública para la construcción de capacidades orientadas al cuidado integral de personas, familias y comunidades; el desarrollo de prácticas pedagógicas para la apropiación institucional de una cultura para la vida y la salud en los actores del sistema de salud; y el desarrollo de capacidades personales y colectivas que institucionalicen prácticas sociales acordes con la promoción de una cultura para la vida y la salud en los demás sectores sociales y en la sociedad en su conjunto. ||| 4.2.3 Objetivo Consolidar la acción intersectorial para la gestión de políticas públicas participativas y de acción conjunta mediante la coordinación, articulación e integración de actores y sectores gubernamentales y no gubernamentales, de carácter público, privado o mixto, incluyendo la sociedad civil organizada y comunidades, para la intervención positiva de los determinantes estructurales e intermedios de la salud, con el propósito de mejorar las condiciones de vida, la salud, el bienestar y la calidad de vida de la población y avanzar hacia la equidad en salud.";Gestion del conocimiento en salud publica;Politica sanitaria e institucional;Si;
12;46;96;salud|atención|integral|personas|pdsp|colombia|d9|población|pdsp d9|servicios;1. Visión a 2031 A 2031, con la ejecución del Plan Decenal de Salud Pública, el país habrá avanzado en la garantía del derecho fundamental a la salud y la mejora del bienestar y calidad de vida de los habitantes del territorio colombiano, mediante la incidencia sobre los determinantes sociales de la salud a través de la acción territorial, institucional y social de forma articulada, diferencial y sostenible. ||| Salud Pública 2022-2031 El marco estratégico del Plan Decenal de Salud Pública (PDSP) 2022-2031 avanza sobre los legados y logros del PDSP 2012-2021, y tiene como eje central la visión de la Salud Pública planteada para Colombia a 2031. Esta visión se materializa a partir de cuatro grandes fines en salud pública y se alcanza mediante la articulación de cinco ejes estratégicos que determinan las bases fundamentales para la gestión de la salud pública en los próximos diez años, en el marco de la salud como derecho, el enfoque diferencial de derechos y la diversidad, el desarrollo humano sostenible, y los determinantes sociales de la salud. ||| 2. Grandes fines El PDSP 2022-2031 materializa su visión a 2031 a través del logro de cuatro grandes fines: • Avanzar hacia la garantía del derecho fundamental a la salud mediante la acción intersectorial y de la sociedad en su conjunto para la afectación positiva de los determinantes sociales de la salud. • Avanzar hacia la mejora de las condiciones de vida, bienestar y calidad de vida de los habitantes del territorio colombiano mediante la reducción de desigualdades sociales en salud entre grupos socialmente constituidos. • Reducir la mortalidad evitable y su impacto en los años de vida perdidos, así como la morbilidad y discapacidad evitables y su impacto en los años de vida saludables. • Avanzar hacia la garantía del goce efectivo de un ambiente sano y a la mejora de la salud ambiental mediante la acción intersectorial para la protección de los ecosistemas y el fomento de territorios y entornos saludables. ||| 3. Diseñar sistemas en los casos que los procesos de atención a de restitución, hechos críticos en sexualidad y reproducción DTS, EPS, IPS compensación y conlleven a intervenciones que impactan rehabilitación, en casos negativamente la vida sexual y la reproductiva META 4. A 2021, Colombia ha Sistema de garantía de la de eventos adversos a como la histerectomía de emergencia, implementado el sistema de garantía calidad de servicios de salud la salud sexual y la salud adquisición transfusional de VIH, terminación de la calidad de servicios de salud individuales y colectivos reproductiva que tengan inducida de la gestación, entre muchos otros. individuales y colectivos. PDSP - D10 implementado. PDSP - D10 relación con la prestación Fortalecimiento de los Comités de los servicios de salud. Institucionales de Ética Médica para la realización de análisis, autorización, concepto DTS, EPS, IPS y defensa, en casos relacionados con la salud sexual y la salud reproductiva. ||| DTS, EPS, IPS derechos sexuales y como individuales a grupos y comunidades, derechos reproductivos como lo son las asesorías grupales para META 5. A 2021, Colombia basa su Porcentaje de departamentos en la atención individuales prueba voluntaria de VIH, anticoncepción y con acciones enmarcadas modelo de atención en salud en la y los Planes de vacunación contra VPH, entre otras. en la Estrategia de Atención;Atencion integral en salud (PDSP dimension 9);Politica sanitaria e institucional;Si;
13;44;92;energética justa|justa|eólica|hidrógeno verde|hidrógeno|democratización generación|eólica solar|minerales estratégicos|generación consumo|solar minerales;"4. Transición energética justa, democratización de la generación y el consumo energético, desarrollo de comunidades energéticas, impulso a las energías limpias (hidrógeno verde, eólica, solar, entre otras) y minerales estratégicos. 5. Ciencia, tecnología e innovación para la transformación productiva y la resolución de desafíos sociales, económicos y ambientales del país; y la construcción de una sociedad del conocimiento. ||| 4. Transición energética justa, democratización de la generación y el consumo energético, desarrollo de comunidades energéticas, impulso a las energías limpias (hidrógeno verde, eólica, solar, entre otras) y minerales estratégicos. 5. Ciencia, tecnología e innovación para la transformación productiva y la resolución de desafíos sociales, económicos y ambientales del país; y la construcción de una sociedad del conocimiento. ||| 4. Transición energética justa, democratización de la generación y el consumo energético, desarrollo de comunidades energéticas, impulso a las energías limpias (hidrógeno verde, eólica, solar, entre otras) y minerales estratégicos. 5. Ciencia, tecnología e innovación para la transformación productiva y la resolución de desafíos sociales, económicos y ambientales del país; y la construcción de una sociedad del conocimiento. ||| 4. Transición energética justa, democratización de la generación y el consumo energético, desarrollo de comunidades energéticas, impulso a las energías limpias (hidrógeno verde, eólica, solar, entre otras) y minerales estratégicos. 5. Ciencia, tecnología e innovación para la transformación productiva y la resolución de desafíos sociales, económicos y ambientales del país; y la construcción de una sociedad del conocimiento. ||| 4. Transición energética justa, democratización de la generación y el consumo energético, desarrollo de comunidades energéticas, impulso a las energías limpias (hidrógeno verde, eólica, solar, entre otras) y minerales estratégicos. 5. Ciencia, tecnología e innovación para la transformación productiva y la resolución de desafíos sociales, económicos y ambientales del país; y la construcción de una sociedad del conocimiento.";Transicion energetica justa;Excluir (no-salud);No;
14;44;92;agua justicia|ordenamiento territorio|justicia ambiental|agua|ordenamiento|justicia|ambiental|transformaciones ordenamiento|territorio|territorio agua;Seguridad Humana y Justicia Social Proyecto de reasentamiento por erosión fluvial y costera Convergencia Regional ||| Otras transformaciones: Ordenamiento del territorio alrededor del costas agua y Justicia Ambiental ||| Proyectos Transformación Obras de mitigación de riesgos asociados a fenómenos de inundación sobre el tramo de la quebrada El Igua entre las Seguridad Humana y Justicia Social carreras 7 y 13 del municipio Puerto Rico ||| Seguridad Humana y Justicia Social Plan de descontaminación de las cuencas hidrográficas que Ordenamiento del Territorio Alrededor del Agua y Justicia abastece el Acueducto Metropolitano de Bucaramanga Ambiental ||| Otras transformaciones: Ordenamiento del Territorio Alredemunicipios de Brian Tello y Villavieja dor del Agua y Justicia Ambiental;Ordenamiento territorial y justicia ambiental;Determinantes sociales y salud ambiental;Si;"Justicia ambiental y ordenamiento del agua/territorio; revisar manualmente si corresponde a la dimension de Salud Ambiental del PDSP."
15;43;9;reproductivos ministerio|derechos|sexualidad derechos|social política|sexuales|nacional sexualidad|derechos sexuales|derechos reproductivos|reproductivos|política nacional;Ministerio de Salud y Protección Social Política Nacional de Sexualidad, Derechos Sexuales y Derechos Reproductivos ||| Ministerio de Salud y Protección Social Política Nacional de Sexualidad, Derechos Sexuales y Derechos Reproductivos ||| Ministerio de Salud y Protección Social Política Nacional de Sexualidad, Derechos Sexuales y Derechos Reproductivos ||| Ministerio de Salud y Protección Social Política Nacional de Sexualidad, Derechos Sexuales y Derechos Reproductivos ||| Ministerio de Salud y Protección Social Política Nacional de Sexualidad, Derechos Sexuales y Derechos Reproductivos;Politica nacional de sexualidad y derechos reproductivos (Ministerio);Salud sexual y reproductiva;Si;
16;42;88;educación|objetivo educación|educación educación|educación superior|calidad|superior|objetivo|educación calidad|ministerio educación|establecimientos;62 % Objetivo 4. Educación de calidad educación superior (2021) ||| Objetivo 4. Educación Educación beneficiarios de programas para promover el 1.891.290 2.567.500 de calidad desarrollo integral y reducir brechas y rezagos de los aprendizajes ||| Educación 761 2.000 muni cipios PDET de calidad ||| Número de orientadoras/es escolares en Objetivo 4. Educación ||| Objetivo 4. Educación Educación Tasa de tránsito inmediato de grado 9 a grado 10 82 % 85 % de calidad;Educacion superior y calidad educativa;Excluir (no-salud);No;
17;40;84;salud mental|mental|salud|atención|servicios|trastornos|personas|servicios salud|nacional salud|primaria;"2.3 Principios La Política Nacional de Salud Mental (PNSM) se sustenta en un conjunto de principios orientadores que garantizan su implementación coherente, inclusiva y efectiva: ? Universalidad: Establece que toda persona y toda comunidad tiene derecho al disfrute de la salud mental como derecho fundamental, sin discriminación alguna. ? Solidaridad: Promueve la acción conjunta entre ciudadanía, organizaciones e instituciones para el desarrollo individual y colectivo, priorizando a quienes enfrentan desventajas en el ejercicio de este derecho a la salud mental. ? Interdependencia: Reconoce la necesidad de cuidado mutuo y equitativo entre seres humanos, otros seres vivos y el entorno, resaltando la conexión con la naturaleza y el bienestar colectivo. ? Interculturalidad: Garantiza el respeto por la diversidad cultural del país, integrando saberes y prácticas tradicionales en la promoción, prevención, tratamiento y rehabilitación de la salud mental. ? Pensamientos propios y armonías: Valora los saberes ancestrales de los pueblos y comunidades éticas, orientando sus acciones hacia la restauración de la armonía y el equilibrio entre territorio, comunidad y prácticas culturales. ? Participación: Fomenta la intervención activa de actores sociales con capacidad, habilidad y oportunidad para la identificación de problemas, definición de prioridades y formulación de propuestas para fortalecer la salud mental. ? Igualdad y no discriminación: Asegura que todas las personas sean tratadas con respeto y dignidad, garantizando el ejercicio de sus derechos en igualdad de condiciones6. ? Progresividad y no regresividad: Propicia la expansión gradual y continua de servicios, tecnologías y capacidades en salud mental, reduciendo las brechas existentes y protegiendo los logros alcanzados. 6 Según el artículo 13 de la Constitución Política de Colombia, ""Todos los seres humanos nacen libres e iguales en dignidad y derechos"". ? Corresponsabilidad: Establece el deber compartido entre individuos, comunidades y el Estado para cuidar la salud mental (desde el cuidado propio y el cuidado colectivo) y promover un entorno sano y sostenible. ? Concurrencia: Facilita la coordinación y articulación entre instituciones públicas y privadas, así como actores sociales, para el diseño e implementación de acciones en salud mental. ? Integralidad: Concibe la salud mental como un proceso multifactorial que integra las dimensiones biológica, psicológica, social y espiritual, destacando que no hay salud sin salud mental. ? Promoción de la autonomía: Defiende la capacidad de las personas para tomar decisiones informadas sobre su salud mental, respetando sus valores y preferencias. Entraña el derecho de autodeterminación y de actuar de acuerdo con valores, creencias y preferencias propios. ? Subsidiariedad: Permite la intervención temporal de entidades públicas o comunitarias para garantizar la prestación de servicios cuando las entidades responsables no puedan hacerlo. ? Equidad: Impulsa acciones dirigidas a reducir desigualdades evitables, asegurando que todos tengan acceso equitativo a la salud mental, con especial atención a los grupos vulnerables y de personas de especial protección. ? Continuidad: Garantiza que los servicios de salud mental se brinden de manera continua, protegiendo a las personas de interrupciones por motivos administrativos o económicos. ? Oportunidad: Exige la prestación oportuna de servicios y tecnologías de salud mental, respondiendo sin dilaciones a las necesidades de la población. ? Libre elección: Respeta la libertad de las personas para elegir sus prestadores de servicios de salud dentro de la oferta disponible, según las normas de habilitación. ? Sostenibilidad: Asegura la disponibilidad de recursos suficientes para garantizar progresivamente el derecho a la salud mental, conforme a los principios de sostenibilidad fiscal. ? Eficiencia: El sistema de salud debe velar por la mejor utilización social y económica de los recursos, servicios y tecnologías disponibles, para garantizar el derecho a la salud mental de toda la población. ? Dignidad humana: Derecho que poseen todas las personas de poder vivir con reconocimiento y seguridad, de verse libres de explotaciones, violencias y malos tratos, y de abogar por la humanización en la atención en salud, la calidad de los servicios y de los tratamientos mediante recursos accesibles y personal calificado para brindar la atención en salud mental. ? Intersectorialidad: Impulsa la colaboración entre distintos sectores institucionales para abordar de manera integral y coordinada los problemas de salud mental. Reconoce que estos desafíos son multifacéticos y requieren la articulación de políticas y acciones conjuntas que consideren factores económicos, sociales y culturales, con el fin de generar un impacto estructural y sostenible en el bienestar mental. ? Transectorialidad: Fomenta una integración flexible y participativa que trasciende las estructuras sectoriales tradicionales, involucrando activamente a comunidades, territorios y actores diversos. Destaca la importancia de incluir y valorar los saberes locales y las prácticas comunitarias en la formulación e implementación de estrategias, ofreciendo respuestas contextualizadas y holísticas a problemas complejos como el suicidio, la violencia, las adicciones y otros trastornos mentales. ||| Objetivo general Garantizar la salud mental individual, familiar y colectiva como un derecho humano universal, a través de ejes estratégicos y transversales que integren elementos transectoriales por medio de la Atención Primaria en Salud (APS) y la Red Mixta en Salud Mental Nacional y Territorial que incidan en los determinantes sociales de la salud mental por entornos de desarrollo y curso de vida, incorporando los enfoques poblacional, interseccional y territorial. ||| 5.2.6.4 Estrategia transversal 4. Observatorio de Salud Mental El Ministerio de Salud y Protección Social actualizará las acciones y recursos del Observatorio de Salud Mental, con el fin de que haga seguimiento a los problemas y trastornos de salud mental, el recurso humano, la infraestructura, la calidad del servicio en salud mental a nivel nacional y se articule a los demás observatorios existentes, con el propósito de ofrecer información confiable y oportuna que apoye la toma de decisiones en el sector de la salud y otros sectores, contribuyendo al impacto positivo de la población. Alcance: El Observatorio de Salud Mental se encargará de recopilar y analizar información sobre la situación de la salud mental a nivel nacional, departamental, municipal y distrital, evaluando las necesidades y prioridades en este ámbito. Su función incluirá la proposición y desarrollo de estrategias para la prevención y abordaje de problemas de salud mental, así como la difusión de los análisis realizados, que proporcionen una visión clara y precisa de las realidades de salud mental en el país. La implementación de esta estrategia estará a cargo del Ministerio de Salud y Protección Social, que garantizará los recursos financieros, técnicos, humanos y tecnológicos necesarios para su desarrollo. La estructura organizativa del observatorio incluirá una dirección general, un área de monitoreo y vigilancia epidemiológica, un área de análisis de datos e investigación, un área de gestión del conocimiento y divulgación, una red de colaboración y alianzas interinstitucionales, y un área de formación y capacitación. Además, se priorizarán los procesos de identificación de necesidades de poblaciones vulnerables, como las personas habitantes de la calle, y se enfocará en la mejora de la respuesta de los servicios de salud, a través de la información recolectada, fortaleciendo los vínculos entre las comunidades y las instituciones del sector salud, para mejorar la calidad y la oportunidad de la atención. ||| Fuente: Elaboración propia (MSPS, 2024) El seguimiento y monitoreo se harán utilizando indicadores de gestión, producto y resultado. Los resultados obtenidos en cada nivel se publicarán en forma transparente, lo que permitirá que los responsables de la formulación y ejecución de la política en salud mental tomen decisiones informadas y realicen ajustes en tiempo real. Este sistema se presenta como una herramienta fundamental para asegurar que la Política Nacional de Salud Mental 2024-2033 se implemente de manera efectiva, proporcionando información oportuna y precisa para la toma de decisiones y la mejora continua de las acciones en salud mental en Colombia. Por lo anterior, se realizarán lineamientos para que las entidades territoriales, departamentales y distritales generen informes trimestrales, con metas e indicadores en salud mental en el marco de la implementación de la Política Nacional de Salud Mental y que involucren la información de todos los municipios de sus respectivas jurisdicciones para el caso de las entidades departamentales, a partir de los lineamientos que genere el Ministerio de Salud y Protección Social para los entes territoriales y demás actores del sistema de salud. De igual manera, l Ministerio de Salud y Protección Social realizará un informe técnico anual sobre el monitoreo y seguimiento de la implementación de la Política. Para la evaluación de la implementación de la Política Nacional de Salud Mental. Se realizará la evaluación de proceso en los primeros cinco años y posteriormente una evaluación de resultados a los diez años. ||| ARTÍCULO 166.o. POLÍTICA NACIONAL DE SALUD MENTAL. El Gobierno Nacional bajo la coordinación técnica del Ministerio de Salud y Protección Social, y con la participación del Consejo Nacional de Salud Mental, actualizará la política nacional de salud mental individual y colectiva en la cual se abordarán líneas estratégicas con acciones transectoriales de mediano y largo plazo que incidan en los determinantes sociales de la salud mental, por entornos de desarrollo, curso de vida distinguiendo los enfoques poblacional, interseccional y territorial que contemple la promoción de la salud mental, la prevención, atención integral, rehabilitación e inclusión social de la población con afectaciones en salud mental, consumo problemático de sustancias psicoactivas, y las situaciones de violencia. Esta política deberá también abordar la eliminación del estigma y discriminación, el desarrollo de habilidades para la vida y competencias socioemocionales, y la identificación oportuna de problemas mentales. Así mismo, se realizará asistencia técnica articulada con las entidades territoriales del país para la implementación de dicha política en articulación con la estrategia de atención primaria en salud y rehabilitación basada en la comunidad. El Ministerio de Salud y Protección Social garantizará la estructura organizacional que permita la implementación y ejecución de esta política. Para apoyar la implementación de las acciones que harán parte de la política se creará la Red Mixta Nacional y Territorial en Salud Mental conformada por las diferentes instancias por organizaciones no gubernamentales, universidades y centros de investigación, sector privado, organizaciones internacionales, comunidades locales y líderes comunitarios que aporten a los temas de bienestar mental, entidades dedicadas a la prestación y el cuidado, así como a los diferentes colegios que recogen las disciplinas asociadas a la atención integral de salud mental. El funcionamiento de las redes nacionales y territoriales será organizado por el Consejo Nacional de Salud Mental, en apoyo del Ministerio de Salud y Protección Social. PÁRAGRAFO. El Consejo Nacional de Salud Mental deberá rendir un informe anual ante las Comisiones Séptimas Constitucionales del Congreso de la Republica para lo de su competencia.";Atencion primaria en salud mental;Salud mental y conducta suicida;Si;
18;40;84;climático|emisiones|cambio|desarrollo sostenible|cambio climático|desastres|carbono|resiliencia|sostenible|climáticos;c. Política exterior para luchar contra el cambio climático y la pérdida de biodiversidad 206 d. Mercado de carbono justo, equitativo e incluyente 207 e. Reducción de la vulnerabilidad fiscal y financiera ante riesgos climáticos y desastres 208 ||| 10. Financiamiento para la acción climática, la reindustrialización y el desarrollo sostenible 204 a. Financiamiento climático neto como motor para el desarrollo sostenible 204 b. Banca de desarrollo e instrumentos alternativos de financiamiento para la reindustrialización 205 ||| Inversión Pública, privada y de la comunidad internacional, modificando patrones de producción y estableciendo un entorno favorable para una economía productiva, descarbonizada, justa y resiliente. a. Financiamiento climático neto como motor para el desarrollo sostenible Para llevar a cero la suma entre los flujos financieros positivos y negativos, se promo­ verán aquellos instrumentos que favorecen la inversión en acciones que reducen emisiones de GEI o promueven la adaptación, al mismo tiempo que se eliminan o modifican los incentivos para actividades que generan más emisiones, pérdida de biodiversidad o aumentan las condiciones de riesgo frente a choques climáticos. Desde el lado de la oferta se crearán los incentivos y mecanismos habilitantes para facilitar que los bancos nacionales de desarrollo y la banca comercial implementen líneas de crédito más amplias y con tasas compensadas, fondos de financiamiento combinado, tecnología blockchain para proyectos climáticos de gran impacto con flujo de inversión positiva y reduciendo su riesgo en la implementación. ||| Se la actual NDC para incluir nuevas acciones que permitan el cumplimiento de la meta de reducción del 51 % de las desarrollarán emisiones de GEI. En la preparación de la comunicación acciones conjuntas ante la Convención Marco de las Naciones Unidas de Cambio para avanzar hacia Climático en el 2025, se pondrá énfasis en la articulación la descarbonización institucional, la generación de insumos y la incorporación de herramientas para la mitigación y la adaptación. y la resiliencia climática del país Se incluirán en este proceso las obligaciones, estándares y principios de derechos humanos, así como la articulación al 2050. con los diferentes programas e instrumentos existentes de planeación, como la Estrategia Climática de Largo Plazo E2050, los planes integrales de gestión del cambio climático sectoriales y territoriales, la Estrategia Nacional de Financiamiento Climático actualizada en 2022 y el Plan Nacional de Adaptación al Cambio Climático. Se ampliará el alcance de la estrategia de fortalecimiento del sector empresarial en la gestión de los riesgos climáticos a los sectores de energía y transporte. Al tiempo que se implementarán la hoja de ruta de esta estrategia para los sectores de agua, agropecuario, desarrollo urbano y financiero. b. Territorio y sociedad resilientes al clima ||| 2. Hacia una economía carbono neutral, un territorio y una sociedad resiliente al clima Con la acción conjunta de sectores, territorios y actores privados se avanzará en la reducción de las emisiones de GEI, mediante la descarbonización de los sistemas productivos y su captura y almacenamiento en la vegetación y en el suelo. Bajo un enfoque transversal de los derechos humanos, el país se anticipará a los choques climáticos para afrontar y reducir sus impactos a través de la gestión y el fortalecimiento de capacidades de las comunidades y los territorios, así como del aprovechamiento de las oportunidades que brinda el clima cambiante en la construcción de la adaptación y la resiliencia.;Cambio climatico y desarrollo sostenible;Determinantes sociales y salud ambiental;Si;"Enfoque ambiental general (emisiones, carbono); relacion indirecta con salud, revisar manualmente."
19;40;84;inmuebles|artículo|rural|vivienda|tierras|ley|parágrafo|propiedad|bienes|ant;"c. Reglamentación e implementación de las determinantes para la protección del suelo rural como garantía del derecho a la alimentación Se reglamentará la protección del suelo rural como determinante de ordenamiento para proteger el derecho a la alimentación. Se reconocerá la vocación del suelo rural como garante del derecho a la vivienda y al hábitat. Así mismo, se regularán los bordes urbanos para controlar la suburbanización y la expansión urbana; así como la subdivisión predial, para proteger la Unidad Agrícola Familiar (UAF). Por otra parte, se implementarán mecanismos financieros y de gestión para cerrar la frontera agrícola, estabilizar las áreas de transición y conservar los ||| PLAN NACIONAL DE DESARROLLO • 2022-2026 Se tendrá en cuenta la situación jurídica de los inmuebles en el ordenamiento territorial en cumplimiento de las funciones social y ecológica de la propiedad. Se impulsarán los Planes de Ordenamiento Social de la Propiedad Rural y se acelerará la implementación del Plan Nacional de Formalización de la Propiedad Rural como compromiso del Acuerdo de Paz. Igualmente, se establecerá un mecanismo de estructuración y entrega de proyectos productivos sostenibles para los campesinos beneficiarios del Programa de Formalización y Acceso a Tierras. Las estrategias para el acceso y formalización de la propiedad considerarán los municipios PDET y otros territorios mayormente afectados por la violencia o con incidencia de cultivos de uso ilícito. Se implementará una estrategia para garantizar la permanencia de comunidades campesinas en reservas forestales de la Ley 2 de 1959, que incluya concesiones para el uso forestal y de la biodiversidad. Además, se podrán establecer mecanismos alternativos de acceso y formalización de la tenencia de la tierra, armonizando y reconvirtiendo los usos para compatibilizarlos con los objetivos de conservación sin que impliquen sustracciones. Igualmente se formalizará el uso de tierra en zonas de reserva ambiental con uso compatible de la tierra y la definición de los baldíos. Se implementarán mecanismos de coordinación intersectorial y para precisar el régimen jurídico de los bienes estatales no adjudicables, atendiendo al reconocimiento de los campesinos como sujetos de especial protección constitucional. b. Coordinación institucional para optimizar la formalización Se agilizarán, simplificarán y optimizarán los procesos que le permiten al ciudadano contar con el título de propiedad registrado. Se estandarizarán los trámites relacionados con la formalización, adjudicación y regularización de la propiedad en las áreas urbanas, suburbanas y rurales. Se integrará la información oficial, de tal manera que los insumos de fuente oficial requeridos para adelantar la titulación se tengan disponibles. A su vez, se robustecerá el relacionamiento con los despachos especializados en restitución de tierras, y se mejorará la coordinación entre las instituciones del Gobierno Nacional y la rama judicial. Se tendrá atención especial a los segundos ocupantes de acuerdo con su vulnerabilidad, teniendo en cuenta las disposiciones plasmadas en las sentencias de restitución de tierras, y se compensará a los campesinos que fueron despojados aun cuando sus predios estuviesen en baldíos inadjudicables. ||| Las de las actividades agropecuarias. Para esto, se definirán los instrumentos para intervenir en zonas que no han podido víctimas de ser microfocalizadas y que impiden acceder al predio; se desplazamiento, adquirirán predios urbanos o rurales que sean objeto de despojo y aban­ procesos de extinción de dominio; y se propenderá por la dono forzado destinación adecuada de los inmuebles que son objeto de compensación cuando se presenten situaciones que impidan de tierras serán su entrega a otras víctimas, a opositores que acrediten la parte central de buena fe exenta de culpa o a los segundos ocupantes. la transformación ||| ARTÍCULO 284.o. DERECHO REAL ACCESORIO DE SUPERFICIE. Una entidad pública denominada ""superficiante"", titular de un bien inmueble fiscal o de uso público destinado a la infraestructura de transporte, podrá otorgar el Derecho Real de Superficie (DRS) de origen contractual, enajenable y oneroso, a un tercero denominado superficiario, por un plazo máximo de ochenta (80) años, incluyendo prórrogas. El superficiario tendrá la facultad, conforme a la normatividad de ordenamiento territorial del lugar donde se ubique el inmueble y las disposiciones urbanísticas vigentes, de realizar y explotar por su cuenta y riesgo construcciones o edificaciones en áreas libres aprovechables con todos sus atributos de uso, goce y disposición, a fin de que puedan soportar gravámenes y limitaciones al dominio, sin afectar el uso público, la prestación del servicio de transporte, ni restringir la propiedad del inmueble base del superficiante. En todo caso, las construcciones que realice el superficiario requerirán licencia de construcción cuya titularidad recae en el superficiario. La curaduría o la autoridad distrital o municipal, según corresponda, aprobará los planos de deslinde de las áreas que corresponden a dichas construcciones. El DRS se constituye mediante contrato, elevado a escritura pública, suscrito entre las partes, el cual contendrá como mínimo la delimitación del área aprovechable, el plazo, las condiciones de reversión de las construcciones, las causales de terminación, las obligaciones y la retribución que corresponde al superficiante, el cual se inscribirá ante la Oficina de Registro de Instrumentos Públicos en el folio de matrícula inmobiliaria del inmueble base como derecho accesorio, identificándose el área conferida al superficiario y sus linderos y construcciones, así como los actos jurídicos que se efectúen en relación con el DRS. La cancelación procederá mediante escritura pública suscrita por las partes, que será objeto de registro. PARÁGRAFO PRIMERO. Respecto de las construcciones derivadas del DRS, la Oficina de Registro de Instrumentos Públicos procederá a habilitar subfolios, en los cuales se anotarán los actos jurídicos sujetos a registro que puedan soportar estas construcciones, sin que se trasladen al folio de matrícula inmobiliaria del inmueble base. Con la extinción del DRS, los subfolios, así como sus gravámenes, limitaciones y medidas cautelares cesarán sus efectos. Al finalizar el contrato se deberá declarar la edificación construida como construcción en suelo propio sobre el folio de matrícula inmobiliaria del inmueble base y la mejora revertirá a la entidad pública superficiante. La Superintendencia de Notariado y Registro deberá adoptar los códigos registrales ||| Ley 2294 de 2023 las cuales deberán ser anteriores a la macrofocalización de la zona intervenida, reconocidas como tal en las providencias judiciales de restitución de tierras. PARÁGRAFO. Cuando los jueces de la República ordenen a la ""Unidad Administrativa Especial de Gestión de Restitución de Tierras"" realizar caracterización socioeconómica, esta se realizará por una sola vez a los habitantes del predio, conforme la metodología que defina dicha Unidad. ARTÍCULO 57.o. Modifíquese el numeral 1 del artículo 4 del Decreto Ley 902 de 2017, el cual quedará así: ARTÍCULO 4.o. SUJETOS DE ACCESO A TIERRA Y FORMALIZACIÓN A TÍTULO GRATUITO. 1. No poseer un patrimonio neto que supere las mil trescientas sesenta y siete coma cincuenta y cuatro (1.367,54) unidades de valor tributario (UVT) al momento de participar en el programa de acceso a tierras. ARTÍCULO 58.o. Modifíquese el numeral 1 del artículo 5 del Decreto Ley 902 de 2017, el cual quedará así:";Vivienda, tierras e inmuebles rurales;Excluir (no-salud);No;
20;40;84;humana justicia|seguridad humana|justicia social|humana|seguridad|justicia|social superior|social|superior pública|superior;Putumayo Seguridad Humana y Justicia Social deforestación, la minería ilegal y los delitos ambientales ||| Seguridad Humana y Justicia Social superior pública Subregión Urabá - Arboletes ||| Ambiental Centro de alto rendimiento subregional (Urabá Antioqueño) Seguridad Humana y Justicia Social ||| Seguridad Humana y Justicia Social de Casanare y Granja Agropecuaria el Remanso, de Guainía la Universidad Internacional del Trópico Americano ||| Seguridad Humana y Justicia Social Construcción sede SENA del Vaupés Seguridad Humana y Justicia Social Construcción plaza de mercado tradicional del municipio de Mitú;Seguridad humana y justicia social (educacion superior);Excluir (no-salud);No;
21;38;79;energía|energética|gas|energéticas|combustibles|minas|eléctrica|usuarios|energía eléctrica|energéticos;"3. Realizar la transformación energética de manera progresiva, que reduzca la dependencia del modelo extractivista y democratice el uso de recursos energéticos locales como las energías limpias y la generación eléctrica. Como política de este gobierno se buscará acelerar una transición energética justa y se promoverá que los excedentes del petróleo y del carbón contribuyan a la financiación de las economías alternativas. 4. Diversificar la economía a través de la reindustrialización. Incluye el cierre de brechas tecnológicas, el impulso a los encadenamientos productivos para la integración regional y global, y el fortalecimiento de las capacidades humanas y de los empleos de calidad. Además, con actividades económicas que promuevan el uso sostenible de la biodiversidad, incorporando criterios de economía circular y que sean intensivas en conocimiento e innovación. 5. Disponer de recursos financieros para lograr una economía productiva. Alcanzar esta transformación requerirá crear un lenguaje común y estrechar los lazos internacionales, a través del estímulo al comercio y las inversiones sostenibles, que aporten conocimiento, ciencia y desarrollo con el mundo y, especialmente, con los países de América Latina y el Caribe. Estas medidas favorecen la productividad, el fomento de la cultura y del conocimiento. Colombia liderará la gran alianza de protección y recuperación de la Amazonia, territorio compartido con ocho países y que es la clave para regular el clima global y salvaguardar el patrimonio biológico y cultural de la humanidad. Además, en el marco de los mecanismos de concertación e integración regionales, el país impulsará la creación de un mercado regional latinoamericano de energía, fundamentado en la interconexión y el desarrollo prioritario de infraestructura y tecnologías para la incorporación de fuentes de energía renovable. En 2020 Colombia lideró junto con Chile la Iniciativa Energías Renovables en Latinoamérica y El Caribe (RELAC), a través de la cual 17 países se propusieron alcanzar el 70 % de penetración de renovables en América Latina para 2030. El país también se integró a la coalición Three Percent Club, junto con otros 15 países cuyos gobiernos, empresas e instituciones se comprometieron a mejorar 3 % cada año la eficiencia energética. Una alianza con los países de América Latina y El Caribe será fundamental para el aprovechamiento del potencial minero energético, permitiendo una transición energética eficiente, asequible y confiable, con participación de las comunidades de la región. En el actual contexto macroeconómico, con el incremento de los costos de producción y la reducción de los salarios reales, es prioritario avanzar en la integración regional, aprovechando la estructura productiva existente, y buscando nuevas oportunidades. Se aprovecharán mecanismos de concertación e integración regionales, como la Comunidad Andina, la Alianza del Pacífico, la Comunidad de Estados Latinoamericanos y Caribeños (CELAC), el Proyecto Mesoamérica, la Conferencia Iberoamericana, la Asociación de Estados del Caribe (AEC). El país se integrará a cadenas regionales y globales de valor, buscando la complementariedad productiva, la diplomacia sanitaria, la certificación de calidad y la promoción de reglas de origen. Las relaciones internacionales se orientarán a la transformación productiva limpia, acogiendo los objetivos del Acuerdo de París. Allí el país se comprometió a reducir ||| PLAN NACIONAL DE DESARROLLO • 2022-2026 La Política de Reindustrialización se desarrollará en paralelo con la transformación energética. Se promoverán nuevas actividades en los departamentos, estimulando el desarrollo, adopción y adaptación de tecnologías para la transición energética. En el marco de la Política de Reindustrialización se llevarán a cabo arreglos institucionales dirigidos a mejorar la articulación privada, pública y popular. Se destacan: el fortalecimiento del Ministerio de Comercio; la modernización del Subsistema Nacional de la Calidad; la modificación de las fuentes de recursos del Fondo de Investigación en Salud; y el fortalecimiento del Grupo Bicentenario. Se prevé que las exportaciones no tradicionales y de servicios tendrán más participación, pasando de representar el 50,9 % en la actualidad a 61,1 % en 2026 en el total de ingresos por exportaciones. La diversificación productiva y exportadora será complementada con una Estrategia de Inserción más Eficiente de la Industria, la Agricultura y los Servicios en las Cadenas Globales de Valor. Los crecimientos de la inversión, la demanda, las exportaciones y el conjunto de la economía generarán 1,7 millones de empleos, formales en su mayor parte. Tabla M.2 | Proyecciones de composición de la canasta exportadora, 2022-2026 Concepto 2010 2015 2019 2020 2021 2022 2023 2024 2025 2026 ||| PLAN NACIONAL DE DESARROLLO • 2022-2026 Por otra parte, la transición energética tiene como uno de sus epicentros los territorios étnicos. Esto ha dado lugar a reconfiguraciones desde los pueblos, el Estado y las empresas que son un desafío para comprender la diversidad étnica, sus derechos y la obligación del Estado de garantizarlos en el marco de políticas y proyectos de desarrollo. Los proyectos de energía solar y eólica tienen impactos socioculturales y ambientales en las comunidades que deben ser valorados y compensados de manera justa en el marco de procesos de consulta previa. Se trabajarán con los pueblos y comunidades étnicas, las adecuaciones institucionales para el diseño de esquemas que les permitan obtener beneficios de los proyectos para el fortalecimiento de su propio desarrollo. ||| Energía reglamentará lo correspondiente al almacenamiento del CO en el subsuelo. b. Eficiencia energética y del mercado como factor de desarrollo económico ||| PLAN NACIONAL DE DESARROLLO • 2022-2026 de dinamizar la transición energética, de manera complementaria, se revisarán las condiciones en la aplicación de los programas de inversión de los operadores de red para que se ajusten a modelos de justicia tarifaria. En zonas de frontera se propenderá para que los beneficios tributarios y económicos, asociados a los combustibles líquidos, se focalicen de forma eficiente al consumidor final y se establezcan los mecanismos de control necesarios en el segmento de distribución mayorista y minorista para tal fin. El Gobierno Nacional podrá determinar los mecanismos diferenciales de estabilización de los precios de referencia de venta al público de los combustibles regulados, así como los subsidios a los mismos, que se harán a través del Fondo de Estabilización de Precios de los Combustibles (FEPC). Las compensaciones al transporte, los subsidios, los incentivos tributarios y los mecanismos diferenciales de estabilización de precios, podrán reconocerse y entregarse de manera general, focalizada o directa al consumidor final en la forma que determine el Gobierno Nacional mediante el uso de nuevas tecnologías. El Gobierno Nacional determinará el criterio de focalización.";Energia electrica y combustibles;Excluir (no-salud);No;
22;37;77;regenerativa inclusión|productores|medianos productores|agroindustria sostenible|productores rurales|productiva financiera|ganadería regenerativa|sostenible agricultura|financiera pequeños|promoción agroindustria;"8. Inclusión productiva y financiera de pequeños y medianos productores rurales; y promoción de la agroindustria sostenible, y de la agricultura y ganadería regenerativa. ||| 8. Inclusión productiva y financiera de pequeños y medianos productores rurales; y promoción de la agroindustria sostenible, y de la agricultura y ganadería regenerativa. ||| 8. Inclusión productiva y financiera de pequeños y medianos productores rurales; y promoción de la agroindustria sostenible, y de la agricultura y ganadería regenerativa. ||| 8. Inclusión productiva y financiera de pequeños y medianos productores rurales; y promoción de la agroindustria sostenible, y de la agricultura y ganadería regenerativa. ||| 8. Inclusión productiva y financiera de pequeños y medianos productores rurales; y promoción de la agroindustria sostenible, y de la agricultura y ganadería regenerativa.";Agroindustria y ganaderia regenerativa;Excluir (no-salud);No;
23;37;77;digital|tic|tecnologías|digitales|comunicaciones|telecomunicaciones|información comunicaciones|seguridad digital|internet|tecnologías información;ARTÍCULO 143.o. TRANSFORMACIÓN DIGITAL COMO MOTOR DE OPORTUNIDADES E IGUALDAD. El Ministerio de Tecnologías de la Información y las Comunicaciones diseñará e implementará una estrategia integral para democratizar las TIC y desarrollar la sociedad del conocimiento y la tecnología en el país, mediante las siguientes medidas: 1. Promover la consolidación de una sociedad digital para que todos los ciudadanos tengan las herramientas necesarias para hacer del Internet y de las tecnologías digitales un instrumento de transformación social. ||| ARTÍCULO 144.o. FORTALECIMIENTO DEL SECTOR TIC. El Ministerio de Tecnologías de la Información y las Comunicaciones promoverá la consolidación de la industria TIC nacional como un motor de crecimiento, empleo y desarrollo para el país, mediante las siguientes medidas: ||| TIC Formaciones finalizadas en habilidades digitales - 797.000 innovación e infraestructura ||| TIC Accesos móviles a Internet 61.400.000 (2021) innovación e infraestructura ||| TIC - 4.200.000 sable de las TIC innovación e infraestructura Certificaciones expedidas en competencias 869.628 Objetivo 8. Trabajo decente;Transformacion digital y TIC;Excluir (no-salud);No;
24;37;77;objetivo 16|16 paz|paz justicia|instituciones sólidas|sólidas|16|objetivo|instituciones|paz|justicia;Tasa de homicidio intencional 25,9 24,4 (por 100.000 personas) (2022) Objetivo 16. Paz, justicia e instituciones sólidas ||| Objetivo 16. Paz, justicia e situación de vulnerabilidad 0 2.000.000 instituciones sólidas (con una nueva medición) ||| Víctimas indemnizadas 1.326.390 Objetivo 16. Paz, justicia e 1.926.390 administrativamente (2022) instituciones sólidas ||| 122 Objetivo 16. Paz, justicia e colectiva formulados y 642 (2022) instituciones sólidas concertados con los sujetos Porcentaje de víctimas con 90 % Objetivo 16. Paz, justicia e ||| 122 Objetivo 16. Paz, justicia e colectiva en implementación 300 (2022) instituciones sólidas (mayor al 50 %);ODS 16: paz, justicia e instituciones solidas;Excluir (no-salud);No;
25;36;75;férreo aéreo|marítimo terrestre|fluvial marítimo|aéreo fluvial|marítimo|terrestre fortalecimiento|infraestructura sistema|terrestre|aéreo|transporte férreo;TIC __ 6 territorial innovación e infraestructura Canales de acceso a los puertos marítimos mante- 10 Objetivo 9. Industria, ||| 7. Fortalecimiento de la infraestructura y sistema de transporte férreo, aéreo, fluvial, marítimo y terrestre. ||| 7. Fortalecimiento de la infraestructura y sistema de transporte férreo, aéreo, fluvial, marítimo y terrestre. ||| 7. Fortalecimiento de la infraestructura y sistema de transporte férreo, aéreo, fluvial, marítimo y terrestre. ||| 7. Fortalecimiento de la infraestructura y sistema de transporte férreo, aéreo, fluvial, marítimo y terrestre.;Infraestructura de transporte multimodal;Excluir (no-salud);No;
26;36;75;pdsp|derechos|sexuales|reproductivos|derechos reproductivos|meta|derechos sexuales|sexualidad|sexuales derechos|vih;"Derechos Humanos, donde el diseño del PDSP y su desarrollo a través de políticas sectoriales que apliquen enfoques, concepciones y temáticas específicas se desarrollen los derechos de la salud, para que en el país se alcance el más alto nivel de sexuales y los derechos bienestar, es lo que sustenta el empeño del Ministerio por revisar y actualizar la Política Nacional de Sexualidad, Derechos reproductivos. Sexuales y Derechos Reproductivos. ||| Salud. PDSP - D10 (PIC), lo cual permitirá Desarrollo de mecanismos de registro de PDSP - D10 un uso más racional y las actividades individuales en sexualidad eficiente de los recursos y reproducción, aplicadas a colectivos y de DTS, EPS, IPS del SGSSS y facilitará el mecanismos de vigilancia y control de la logro del impacto social calidad y suficiencia. de las acciones. ||| Plan Operativo Línea Operativa del PDSP Promoción de la salud, a través de la promoción de los derechos sexuales y los derechos reproductivos. 8.2.1.2 Disminuir la posibilidad de afectación a la vida, la libertad, la seguridad personal o la integridad física y mental por causas asociadas a la vulneración de los derechos sexuales y los derechos reproductivos, a través de acciones que promuevan el cuidado, Objetivo: la protección y la erradicación de las distintas formas de violencia, u otras afectaciones a la vida e integridad en los ámbitos de la sexualidad y la reproducción, a fin de alcanzar el completo bienestar físico, mental y social. A 2021,en el país se habrá brindado atención integral al 50% de los casos de violencias basadas en el género y en las orientaciones sexuales Meta: no hegemónicas; y habrá reducido en 80% los hechos de violencia institucional por causas asociadas a la sexualidad y la reproducción. Indicador: Porcentaje de víctimas con atención integral. Tasa de violencia institucional. Foco Institucional / Metas o indicadores del PDSP relacionados ||| La vocación de la PNSDSDR es para la dimensión sexualidad, derechos sexuales y derechos reproductivos en el PDSP, definida como ""Conjunto de acciones la promoción y prevención, con sectoriales, transectoriales y comunitarias, para promover las el objeto que estos derechos se condiciones sociales, económicas, políticas y culturales que permitan, desde un enfoque de derechos humanos, de género y reconozcan, exijan, adopten y diferencial, el ejercicio libre, autónomo e informado de la sexualidad; el ejerzan. desarrollo de las potencialidades de las personas durante todo su ciclo vital; y el desarrollo social de los grupos y comunidades (MSPS, 6600 PPoollííttiiccaa NNaacciioonnaall ddee SSeexxuuaalliiddaadd,, DDeerreecchhooss SSeexxuuaalleess yy DDeerreecchhooss RReepprroodduuccttiivvooss CCoolloommbbiiaa ||| VIH/Sida; incluyendo preservativos y elementos para la reducción del daño en Usuarios de Drogas Inyectables, tratamiento de la disfunción sexual, prácticas sexuales durante la gestación y otras temáticas, inde- META 21. A 2021, alcanzar";PDSP: derechos sexuales y reproductivos (incluye VIH);Salud sexual y reproductiva;Si;Incluye referencia a VIH dentro del enfoque de derechos reproductivos.
27;35;73;adaptabilidad climática|aeródromos circuitos|terciarias muelles|regional adaptabilidad|muelles aeródromos|muelles|regional vías|infraestructura regional|adaptabilidad|vías secundarias;6. Intervención de la infraestructura regional (vías secundarias, inversión, se terciarias, muelles y aeródromos) mediante circuitos determinaron estratégicos que permiten la conectividad, Convergencia las principales Regional y adaptabilidad climática. temáticas ||| 6. Intervención de la infraestructura regional, (vías secundarias, terciarias, muelles y aeródromos) mediante circuitos estratégicos, Convergencia Regional y adaptabilidad climática. ||| 6. Intervención de la infraestructura regional, (vías secundarias, terciarias, muelles y aeródromos) mediante circuitos estratégicos que permiten la conectividad, Convergencia Regional y adaptabilidad climática. ||| 6. Intervención de la infraestructura regional, (vías secundarias, terciarias, muelles y aeródromos) mediante circuitos estratégicos que permiten la conectividad, Convergencia Regional y adaptabilidad climática. ||| 6. Intervención de la infraestructura regional, (vías secundarias, terciarias, muelles y aeródromos) mediante circuitos estratégicos que permiten la conectividad, Convergencia Regional y adaptabilidad climática.;Infraestructura vial y adaptabilidad climatica regional;Excluir (no-salud);No;
28;33;69;28 ordenamiento|productivos ambientales|gobernanza resolución|ambientales adaptación|agua gobernanza|sociales productivos|conflictos territoriales|adaptación climática|territoriales sociales|territorial agua;28. Ordenamiento territorial alrededor del agua y gobernanza para la resolución de conflictos territoriales, sociales, productivos, ambientales y la adaptación climática. ||| 28. Ordenamiento territorial alrededor del agua y gobernanza para la resolución de conflictos territoriales, sociales, productivos, ambientales y la adaptación climática. ||| 28. Ordenamiento territorial alrededor del agua y gobernanza para la resolución de conflictos territoriales, sociales, productivos, ambientales y la adaptación climática. ||| 28. Ordenamiento territorial alrededor del agua y gobernanza para la resolución de conflictos territoriales, sociales, productivos, ambientales y la adaptación climática. ||| 28. Ordenamiento territorial alrededor del agua y gobernanza para la resolución de conflictos territoriales, sociales, productivos, ambientales y la adaptación climática.;Ordenamiento territorial, agua y conflictos socioambientales;Determinantes sociales y salud ambiental;Si;
29;33;69;inversión|pib|fiscal|proyecciones|2022|2026|billones|macroeconómica|inversión pública|estabilidad;INTRODUCCIÓN el balance adecuado entre gastos e ingresos. Tercero, la dinámica del sector público tiene que guardar una estrecha relación con los incentivos privados, en consecuencia, es necesario diseñar mecanismos que favorezcan estas convergencias. Cuarto, dada la volatilidad de los flujos de capitales internacionales, y en vista de la mayor dependencia de las políticas fiscales y monetarias de los países, ||| ARTÍCULO 5.o. PLAN NACIONAL DE INVERSIONES PÚBLICAS 20232026. El Plan Nacional de Inversiones Públicas 2023-2026, se estima en un valor de $1.154,8 billones, a pesos constantes de 2022, el cual incluye el componente Plan Plurianual de Inversiones para la Paz de forma transversal y que se estima en un valor de 50,4 billones, a pesos constantes de 2022, cuyos anexos hacen parte integral de la presente ley. La Inversión Pública permitirá que el sector privado apalanque inversión adicional en un monto indicativo de $949,7 billones a precios constantes de 2022. Tabla I. | Fuentes que financian el Plan de Inversiones Públicas ||| El Plan reconoce las limitaciones macroeconómicas, y con el fin de contribuir a la estabilidad fiscal, propone metas que son realistas, y que se pueden ir consolidando durante estos cuatro años. ||| El Plan concibe la Estabilidad Macroeconómica bajo los siguientes principios: Primero, es fundamental que el Estado intervenga más, y lo haga de manera eficiente. No se trata solamente de incrementar el gasto público, sino de asignar los recursos, de tal manera que apoyen proyectos estratégicos. Segundo, la discrecionalidad en el manejo de los ingresos y de los gastos es más relevante que el ajuste a reglas fijas. Los gobiernos responsables van modulando las opciones fiscales, en función de la coyuntura, hacia ||| Desarrollo respeta de inversión privada. El Gobierno se ha propuesto reducir los altos niveles de deuda y déficit, cuyo costo se viene los lineamientos traduciendo en una menor capacidad de inversión para del Marco Fiscal de atender las necesidades más apremiantes de la sociedad;Proyecciones macroeconomicas y fiscales;Excluir (no-salud);No;
30;33;69;climática prevención|inversión departamentales|departamentales conservación|biodiversidad restauración|desastres adaptación|prevención gestión|adaptación conectividad|ecosistemas resiliencia|conectividad transformación|conservación biodiversidad;Líneas de inversión departamentales 1. Conservación de la biodiversidad y restauración de los ecosistemas para la resiliencia climática. 2. Prevención y gestión de riesgo de desastres para la adaptación. 3. Conectividad y transformación digital como motor de oportunidades, riqueza e igualdad. ||| Líneas de inversión departamentales 1. Conservación de la biodiversidad y restauración de los ecosistemas para la resiliencia climática. 2. Prevención y gestión de riesgo de desastres para la adaptación. 3. Conectividad y transformación digital como motor de oportunidades, riqueza e igualdad. ||| Líneas de inversión departamentales 1. Conservación de la biodiversidad y restauración de los ecosistemas para la resiliencia climática. 2. Prevención y gestión de riesgo de desastres para la adaptación. 3. Conectividad y transformación digital como motor de oportunidades, riqueza e igualdad. ||| Líneas de inversión departamentales 1. Conservación de la biodiversidad y restauración de los ecosistemas para la resiliencia climática. 2. Prevención y gestión de riesgo de desastres para la adaptación. 3. Conectividad y transformación digital como motor de oportunidades, riqueza e igualdad. ||| Líneas de inversión departamentales 1. Conservación de la biodiversidad y restauración de los ecosistemas para la resiliencia climática. 2. Prevención y gestión de riesgo de desastres para la adaptación. 3. Conectividad y transformación digital como motor de oportunidades, riqueza e igualdad.;Adaptacion climatica y biodiversidad;Determinantes sociales y salud ambiental;Si;
31;32;67;discapacidad|personas discapacidad|personas|accesibilidad|garantías mundo|mundo barreras|discapacidad educación|barreras personas|población discapacidad|adoptarán;1. Una gobernanza sólida para potenciar la garantía de derechos de la población con discapacidad 339 ||| Garantías hacia un mundo sin barreras para las personas con discapacidad ||| 7. Interseccionalidad que reconozca las opresiones adicionales que enfrenta la población con discapacidad 243 ||| 6. Un movimiento social de discapacidad cohesionado que incida en asuntos públicos 343 ||| Garantías hacia un mundo sin barreras para las personas con discapacidad significativa en los asuntos que son de su incumbencia. Se avanzará conjuntamente con los entes territoriales para que a través de instrumentos de planificación y presupuesto se garantice la igualdad de derechos para el uso y el disfrute del espacio y el transporte público, el acceso al arte, la cultura, el patrimonio, el deporte, la actividad física y el uso del tiempo libre.;Discapacidad e inclusion;Poblaciones vulnerables y equidad en salud;Si;
32;32;67;acción climática|climática|acción|transformación productiva|transformaciones transformación|productiva|cionalización acción|cionalización|transformación|climática transformaciones;Transformación climática, la Ascenso reindustriali - tecnológico zación y el Productiva, del sector desarrollo transporte y sostenible promoción de ||| Transformación Productiva, Internacionalización y Acción Climática Figura 4.6 | Transformación Productiva, Internacionalización y Acción Climática ||| Otras transformaciones: Transformación Productiva, Internacionalización y Acción Climática ||| Otras transformaciones: Transformación Productiva, Internade Plátano, Corocito - Tame cionalización y Acción Climática ||| Otras transformaciones: Transformación Productiva, Interna(Dorada - Santa Marta) cionalización y Acción Climática;Accion climatica y transformacion productiva;Excluir (no-salud);No;
33;31;65;rural 12|12 fortalecimiento|preescolar urbana|superior media|11 fortalecimiento|básica preescolar|información talento|media básica|tecnológica educación|integral universal;"11. Fortalecimiento y construcción de infraestructura física y tecnológica de la educación superior, media, básica y preescolar, urbana y rural. 12. Fortalecimiento de la infraestructura, los sistemas de información y el talento humano para la atención primaria en salud integral y universal. 13. Garantía del disfrute y ejercicio de los derechos de todos los grupos poblaciones, con énfasis en la atención de los actores diferenciales (pueblos y comunidades étnicas; mujeres; LGTBIQ+; niños, niñas y adolescentes; jóvenes; personas con discapacidad población migrante, campesinos y campesinas, habitantes de calle, familias y adultos mayores). 14. Desarrollo integral con base en el acceso a la jornada educativa ampliada en el acceso a la cultura, artes, deporte y espacio público. 15. Acceso físico y económico para la disponibilidad y adecuación de los alimentos. 16. Hábitat y vivienda digna. 17. Paz Total y atención integral a las víctimas (incluidas víctimas en el exterior). 18. Levantamiento y actualización del catastro multipropósito. 19. Turismo en armonía con la vida. ||| 11. Fortalecimiento y construcción de infraestructura física y tecnológica de la educación superior, media, básica y preescolar, urbana y rural. 12. Fortalecimiento de la infraestructura, los sistemas de información y el talento humano para la atención primaria en salud integral y universal. 13. Garantía del disfrute y ejercicio de los derechos de todos los grupos poblaciones, con énfasis en la atención de los actores diferenciales (pueblos y comunidades étnicas; mujeres; LGTBIQ+; niños, niñas y adolescentes; jóvenes; personas con discapacidad población migrante, campesinos y campesinas, habitantes de calle, familias y adultos mayores). 14. Desarrollo integral con base en el acceso a la jornada educativa ampliada en el acceso a la cultura, artes, deporte y espacio público. 15. Acceso físico y económico para la disponibilidad y adecuación de los alimentos. 16. Hábitat y vivienda digna. 17. Paz Total y atención integral a las víctimas (incluidas víctimas en el exterior). 18. Levantamiento y actualización del catastro multipropósito. 19. Turismo en armonía con la vida. ||| 11. Fortalecimiento y construcción de infraestructura física y tecnológica de la educación superior, media, básica y preescolar, urbana y rural. 12. Fortalecimiento de la infraestructura, los sistemas de información y el talento humano para la atención primaria en salud integral y universal. 13. Garantía del disfrute y ejercicio de los derechos de todos los grupos poblaciones, con énfasis en la atención de los actores diferenciales (pueblos y comunidades étnicas; mujeres; LGTBIQ+; niños, niñas y adolescentes; jóvenes; personas con discapacidad población migrante, campesinos y campesinas, habitantes de calle, familias y adultos mayores). 14. Desarrollo integral con base en el acceso a la jornada educativa ampliada en el acceso a la cultura, artes, deporte y espacio público. 15. Acceso físico y económico para la disponibilidad y adecuación de los alimentos. 16. Hábitat y vivienda digna. 17. Paz Total y atención integral a las víctimas (incluidas víctimas en el exterior). 18. Levantamiento y actualización del catastro multipropósito. 19. Turismo en armonía con la vida. ||| 11. Fortalecimiento y construcción de infraestructura física y tecnológica de la educación superior, media, básica y preescolar, urbana y rural. 12. Fortalecimiento de la infraestructura, los sistemas de información y el talento humano para la atención primaria en salud integral y universal. 13. Garantía del disfrute y ejercicio de los derechos de todos los grupos poblaciones, con énfasis en la atención de los actores diferenciales (pueblos y comunidades étnicas; mujeres; LGTBIQ+; niños, niñas y adolescentes; jóvenes; personas con discapacidad población migrante, campesinos y campesinas, habitantes de calle, familias y adultos mayores). ||| 11. Fortalecimiento y construcción de infraestructura física y tecnológica de la educación superior, media, básica y preescolar, urbana y rural. 12. Fortalecimiento de la infraestructura, los sistemas de información y el talento humano para la atención primaria en salud integral y universal. 13. Garantía del disfrute y ejercicio de los derechos de todos los grupos poblaciones, con énfasis en la atención de los actores diferenciales (pueblos y comunidades étnicas; mujeres; LGTBIQ+; niños, niñas y adolescentes; jóvenes; personas con discapacidad población migrante, campesinos y campesinas, habitantes de calle, familias y adultos mayores). 14. Desarrollo integral con base en el acceso a la Jornada Educativa Ampliada en el acceso a la cultura, artes, deporte y espacio público. 15. Acceso físico y económico para la disponibilidad y adecuación de los alimentos. 16. Hábitat y vivienda digna. 17. Paz Total y atención integral a las víctimas (incluidas víctimas en el exterior). 18. Levantamiento y actualización del catastro multipropósito. 19. Turismo en armonía con la vida.";Educacion basica, media y superior (fortalecimiento);Excluir (no-salud);No;
34;30;63;tic servicio|fortalecimiento industria|industria tic|país climática|acción país|servicio transformación|transformación|transformación transformación|tic|turismo bioeconomía;Ambiental turismo y bioeconomía) Fortalecimiento planta farmacéutica Universidad de Antioquia Seguridad Humana y Justicia Social Fortalecimiento de la industria TIC al servicio de la transformación Transformación Productiva, Internacionalización y Acción del país Climática Restauración ecológica participativa y remediación de suelos Transformación Productiva, Internacionalización y Acción para el Bajo Cauca Climática Estrategia de fronteras, terrestres y marítimas, para ello se activarán todos los instrumentos de carácter binacional a los ||| Ambiental turismo y bioeconomía) Fortalecimiento de la industria TIC al servicio de la transformación Transformación Productiva, Internacionalización y Acción del país Climática ||| Ambiental turismo y bioeconomía) Desarrollar la sociedad del conocimiento y la tecnología Seguridad Humana y Justicia Social Fortalecimiento de la industria TIC al servicio de la transformación Transformación Productiva, Internacionalización y Acción del país Climática Fortalecimiento de la conectividad regional Seguridad Humana y Justicia Social Construcción de la Universidad del Macizo en La Vega y de la ||| Ambiental turismo y bioeconomía) Corredor de la vida del Cesar (transformación integral del corredor Transformación Productiva, Internacionalización y Acción minero del Cesar) Climática Fortalecimiento de la industria TIC al servicio de la transformación Transformación Productiva, Internacionalización y Acción del país Climática Implementación del Plan Decenal de Lenguas Nativas en Colombia Seguridad Humana y Justicia Social Estrategia de fronteras, terrestres y marítimas, para ello se activarán todos los instrumentos de carácter binacional a los ||| Ambiental turismo y bioeconomía) Fortalecimiento de la industria TIC al servicio de la transforma- Transformación Productiva, Internacionalización y Acción ción del país Climática Casas de justicia y centros de convivencia dignos en el territorio. Fortalecimiento del Programa Nacional de Casas de Justicia y Seguridad Humana y Justicia Social;Transformacion digital, TIC y turismo;Excluir (no-salud);No;
35;29;61;cultura|vida|saberes|culturas|vida salud|culturales|cultural|estilos vida|artística|estilos;c. Fomento y estímulos a las culturas, las artes y los saberes ||| Objetivo 11. Ciudades y Cultura para el fortalecimiento de sus prácticas culturales, __ 350.000 comunidades sostenibles artísticas y de saberes ||| 67 % Objetivo 11. Ciudades y Cultura convocatorias públicas de las culturas, las artes y 100 % (2022) comunidades sostenibles los saberes Unidades de economía popular de las culturas, las Objetivo 4. Educación ||| Cultura __ 1.000 y formación artística y cultural diseñados e innovación e infraestructura implementados ||| Cultura __ 1.000 artes y los saberes fortalecidas de calidad;Cultura, estilos de vida y bienestar;Determinantes sociales y salud ambiental;Si;
36;29;61;ecológica economía|biodiversidad forestal|economía biodiversidad|restauración ecológica|ecológica|justicia restauración|forestal ordenamiento|forestal|restauración|ordenamiento territorio;Ordenamiento del Territorio Alrededor del Agua y Justicia restauración ecológica y economía de la biodiversidad (forestal, ||| Ordenamiento del Territorio Alrededor del Agua y Justicia restauración ecológica y economía de la biodiversidad (forestal, ||| Ordenamiento del Territorio Alrededor del Agua y Justicia restauración ecológica y economía de la biodiversidad (forestal, ||| Ordenamiento del Territorio Alrededor del Agua y Justicia proteger la biodiversidad el recurso hídrico y mejorar las ||| Ordenamiento del Territorio Alrededor del Agua y Justicia restauración ecológica y economía de la biodiversidad (forestal,;Restauracion ecologica y ordenamiento forestal;Excluir (no-salud);No;
37;29;61;climática|biodiversidad|conservación|aumento representatividad|representatividad biodiversidad|productiva internacionalización|áreas protegidas|protegidas|representatividad|internacionalización;Se ampliarán Maestro de los Centros de Atención y Valoración de Fauna y modernizarán ||| Nariño Aumento de la representatividad de la biodiversidad en Cauca Transformación Productiva, Internael sistema de áreas protegidas Arauca cionalización y Acción Climática ||| Desarrollo de proyectos de conservación de la cionalización y Acción Climática biodiversidad y restauración de los ecosistemas para Cundinamarca ||| Catatumbo, Serranía de San Lucas y Pacífico Aumento de la representatividad de la biodiversidad en el Transformación Productiva, Internacionalización y Acción sistema de áreas protegidas Climática ||| Ambiente 743.828 ambientales (PSA) e incentivos a la conservación (2021) ecosistemas terrestres Proyectos de investigación aplicada en bioeco- Objetivo 9. Industria,;Biodiversidad y areas protegidas;Excluir (no-salud);No;
38;28;58;trabajo|empleo|laboral|formación|trabajadores|decente|digno|formación trabajo|laborales|programa;"PLAN NACIONAL DE DESARROLLO • 2022-2026 d. Esquema de protección al desempleo Se diseñará un esquema de protección contra el desempleo redefiniendo el Mecanismo de Protección al Cesante (MPC), que responderá a las necesidades de la población desempleada y cesante, incluyendo trabajadores formales e informales. Se tendrán en cuenta las brechas que existen en las distintas poblaciones (como jóvenes, mujeres, personas mayores, con discapacidad y personas LGBTIQ+, entre otras). Dicho esquema contemplará: (i) La exploración de nuevas formas de financiamiento para quienes no acceden a la oferta del Sistema de Subsidio Familiar y (ii) nuevas formas de acción que permitan abordar de manera universal apoyos frente a: la cobertura de ingresos y servicios a los desempleados, la inserción laboral productiva de quienes no cuentan con un empleo formal o bien se desempeñan en actividades informales e implementación de políticas activas y pasivas de mercados de trabajo que apoyen la reinserción, colocación laboral y emprendimiento. Adicionalmente, se promoverán servicios para desempleados en las zonas donde haya grandes problemas de desempleo incluyendo los municipios medianos y pequeños y las zonas rurales. e. Seguridad y protección social en la Economía Popular y ||| El Gobierno Nacional gestionará el acceso a trabajos asalariados de los trabajadores de la Economía Popular y Comunitaria (EPC), mediante acciones que promuevan: (i) La movilidad laboral; (ii) la formación en el trabajo, la certificación de competencias y el acceso a la educación en todos los niveles; y (iii) la promoción de pactos por el empleo con el sector privado. Finalmente, se brindarán servicios de cuidado en el marco del Sistema Nacional de Cuidado para la Vida y la Paz, haciendo el seguimiento y Se evaluación respectivos. implemen tará, de manera gradual, f. Sistema Nacional de Igualdad y Equidad un reporte de (SNIE) ingresos de todos El Ministerio de Igualdad creará el SNIE con el objetivo de los hogares. formular y ejecutar las políticas y medidas para promover la eliminación de las desigualdades económicas, políticas y sociales e impulsar el goce del derecho a la igualdad; el cumplimiento de los principios de no discriminación y no regresividad; la defensa de los sujetos de especial protección constitucional y de grupos discriminados o marginados. El ||| 5. Educación, formación y reconversión laboral como respuesta al cambio productivo ||| PLAN NACIONAL DE DESARROLLO • 2022-2026 con movilidad hacia el empleo digno. En las estrategias de formación se dará prioridad a las poblaciones más afectadas por el desempleo y la informalidad (mujeres, jóvenes y personas de la EPC), promoviendo la formación en entornos laborales, prácticas laborales, contrato de aprendizaje y la formación dual. Se implementará la Estrategia de Transición Justa de la Fuerza Laboral hacia la neutralidad del carbono. a. Consolidación del Sistema de Educación ||| PLAN NACIONAL DE DESARROLLO • 2022-2026 b. Generación y protección de empleos formales Con el objetivo de dar continuidad a las medidas encaminadas a la promoción, generación y protección del empleo formal, se fortalecerá el programa de incentivo al empleo formal, de tal forma que permita vincular en el mercado laboral a grupos de trabajadores con altos niveles de desempleo, y a la población más vulnerable. A través de este programa se podrá actuar oportunamente ante coyunturas que afecten sectores, regiones o poblaciones específicas generando desempleo o informalidad. De igual forma, para promover el empleo en las regiones con mayores tasas de desempleo, se dará prelación a la mano de obra local en proyectos regionales.";Trabajo decente y formacion laboral;Salud laboral y ocupacional;Si;
39;28;58;zasca|implementación centros|regional implementación|centros desarrollo|productivo zasca|zasca transformación|desarrollo productivo|acción convergencia|productivo|centros;Cauca Convergencia Regional Implementación de los centros de desarrollo productivo Tolima Otras transformaciones: (ZASCA) Meta Transformación Productiva, Interna- ||| Convergencia Regional Implementación de los centros de desarrollo productivo (ZASCA) Transformación Productiva, Internacionalización y Acción ||| Convergencia Regional Implementación de los centros de desarrollo productivo (ZASCA) Transformación Productiva, Internacionalización y Acción ||| Convergencia Regional Implementación de los centros de desarrollo productivo (ZASCA) Transformación Productiva, Internacionalización y Acción ||| Convergencia Regional Implementación de los centros de desarrollo productivo (ZASCA) Transformación Productiva, Internacionalización y Acción;Programa ZASCA (desarrollo productivo);Excluir (no-salud);No;
40;28;58;economía|apoyo|fortalecimiento|transitoria 23|cuidado 24|corrupción 22|desescalar modelo|capacidades defensa|20 reindustrialización|21 administración;"20. Reindustrialización, transformación productiva sostenible, economía circular, internacionalización, inclusión financiera e impulso a la economía popular, comunitaria, y solidaria; desescalar el modelo extractivista. 21. Administración pública, fortalecimiento institucional y lucha contra la corrupción. 22. Fortalecimiento de las capacidades para la defensa, la seguridad, el bienestar de la Fuerza Pública, la Justicia Social, humanización del Sistema Penitenciario y Carcelario y los centros de detención transitoria. 23. Reconocimiento de la economía del cuidado. 24. Apoyo a la formación y creación de empleo para el trabajo digno y decente. 25. Presencia, diversificación y fortalecimiento de Colombia en el mundo y apoyo a connacionales en el exterior. ||| 20. Reindustrialización, transformación productiva sostenible, economía circular, internacionalización, inclusión financiera e impulso a la economía popular, comunitaria, y solidaria; desescalar el modelo extractivista. 21. Administración pública, fortalecimiento institucional y lucha contra la corrupción. 22. Fortalecimiento de las capacidades para la defensa, la seguridad, el bienestar de la Fuerza Pública, la Justicia Social, humanización del Sistema Penitenciario y Carcelario y los centros de detención transitoria. 23. Reconocimiento de la economía del cuidado. 24. Apoyo a la formación y creación de empleo para el trabajo digno y decente. 25. Presencia, diversificación y fortalecimiento de Colombia en el mundo y apoyo a connacionales en el exterior. 26. Artes, cultura y saberes para la vida, la paz y el cuidado del planeta. ||| 20. Reindustrialización, transformación productiva sostenible, economía circular, internacionalización, inclusión financiera e impulso a la economía popular, comunitaria, y solidaria; desescalar el modelo extractivista. 21. Administración pública, fortalecimiento institucional y lucha contra la corrupción. 22. Fortalecimiento de las capacidades para la defensa, la seguridad, el bienestar de la Fuerza Pública, la Justicia Social, humanización del Sistema Penitenciario y Carcelario y los centros de detención transitoria. 23. Reconocimiento de la economía del cuidado. 24. Apoyo a la formación y creación de empleo para el trabajo digno y decente. 25. Presencia, diversificación y fortalecimiento de Colombia en el mundo y apoyo a connacionales en el exterior. 26. Artes, cultura y saberes para la vida, la paz y el cuidado del planeta. ||| 20. Reindustrialización, transformación productiva sostenible, economía circular, internacionalización, inclusión financiera e impulso a la economía popular, comunitaria, y solidaria; desescalar el modelo extractivista. 21. Administración pública, fortalecimiento institucional y lucha contra la corrupción. 22. Fortalecimiento de las capacidades para la defensa, la seguridad, el bienestar de la Fuerza Pública, la Justicia Social, humanización del Sistema Penitenciario y Carcelario y los centros de detención transitoria. 23. Reconocimiento de la economía del cuidado. 24. Apoyo a la formación y creación de empleo para el trabajo digno y decente. 25. Presencia, diversificación y fortalecimiento de Colombia en el mundo y apoyo a connacionales en el exterior. 26. Artes, cultura y saberes para la vida, la paz y el cuidado del planeta. ||| 20. Reindustrialización, transformación productiva sostenible, economía circular, internacionalización, inclusión financiera e impulso a la economía popular, comunitaria, y solidaria; desescalar el modelo extractivista. 21. Administración pública, fortalecimiento institucional y lucha contra la corrupción. 22. Fortalecimiento de las capacidades para la defensa, la seguridad, el bienestar de la Fuerza Pública, la Justicia Social, humanización del Sistema Penitenciario y Carcelario y los centros de detención transitoria. 23. Reconocimiento de la economía del cuidado. 24. Apoyo a la formación y creación de empleo para el trabajo digno y decente. 25. Presencia, diversificación y fortalecimiento de Colombia en el mundo y apoyo a connacionales en el exterior.";Balance economico y fiscal transitorio;Excluir (no-salud);No;
41;28;58;18|18 18|2022 2023|17|balance|2023 2024|14|22|2024 2025|22 22;No tradicionales + 43,8 52,4 50,7 50,7 55,0 50,9 53,7 57,8 60,0 61,1 ||| 0 20.336 20.959 20.749 21.675 0,0 1,3 1,3 1,2 1,1 ||| Tributarios Fondos especiales 3.568 3.398 3.631 3.874 4.134 0,2 0,2 0,2 0,2 0,2 Ingresos de capital 20.628 33.143 30.471 29.123 29.528 1,4 2,1 1,8 1,6 1,6 ||| 1.866 2.040 2.180 2.326 2.482 0,1 0,1 0,1 0,1 0,1 ||| 236.011 283.872 298.104 328.356 350.441 16,4 18,3 18,0 18,6 18,6 sin FEPC**;Series temporales de metas (2018-2031);Sin clasificar (ruido);No;Fragmento numerico de tablas de seguimiento, sin contenido tematico claro.
42;28;58;territorios|territoriales|esquemas|asociativos territoriales|asociativos|esquemas asociativos|planificación|locales comunidades|funcionales|metodología;4. Capacidades de los gobiernos locales y las comunidades para la toma de decisiones de ordenamiento y planificación territorial 63 a. Empoderamiento de los gobiernos locales y sus comunidades 64 b. Principio de concurrencia 65 ||| PLAN NACIONAL DE DESARROLLO • 2022-2026 a. Empoderamiento de los gobiernos locales y sus comunidades Las tipologías de entidades territoriales deben trascender el enfoque vigente que hace énfasis en los aspectos presupuestales. Se reconocerán las capacidades a partir de indicadores demográficos, financieros, económicos, fiscales, institucionales, ambientales, sociales, culturales y étnicos, entre otros. Con base en la metodología definida, se diseñarán e implementarán mecanismos para la delegación de competencias de entidades del nivel nacional a entidades y esquemas asociativos territoriales. Se institucionalizará el uso de las mediciones de desempeño de las entidades territoriales como criterio para la focalización de asistencia técnica y asignación de recursos financieros. Se fortalecerán los territorios de las comunidades étnicas, con instrumentos normativos para su autonomía y su articulación con las entidades territoriales. En consideración al alto valor de la biodiversidad presente en los territorios de las comunidades indígenas y comunidades afrodescendientes, reconociendo su papel de autoridades territoriales, se fortalecerá el ejercicio de las funciones ambientales, conforme a sus sistemas de conocimiento tradicional. Estas acciones harán parte de la reforma integral SINA. Se fortalecerá la producción, el uso y comprensión de la información territorial. Se implementará una estrategia de fortalecimiento y asistencia técnica diferenciada que sea compatible con los diversos esquemas asociativos territoriales. ||| 3. Coordinación de los instrumentos de planificación de territorios vitales ||| La planeación y el Ordenamiento del Territorio Alrededor ||| 4. Capacidades de los gobiernos locales y las comunidades para la toma de decisiones de ordenamiento y planificación territorial Se fortalecerán las capacidades de los gobiernos y las comunidades para la democracia y la gobernanza territorial. Se actualizará la metodología que clasifica las entidades territoriales por tipologías. Se reconocerá la autonomía de los territorios étnicos, se optimizarán las herramientas para mejorar la base fiscal de los municipios y se diseñarán recursos estables y regulares para los esquemas asociativos territoriales.;Esquemas asociativos territoriales;Excluir (no-salud);No;
43;27;56;justicia ordenamiento|territorio agua|agua justicia|ordenamiento territorio|ordenamiento|agua|territorio|justicia|sólidas tierras|justicia agricultura;Ordenamiento del Territorio Alrededor del Agua y Justicia ||| Ordenamiento del Territorio Alrededor del Agua y Justicia ||| Ordenamiento del Territorio Alrededor del Agua y Justicia ||| Ordenamiento del Territorio Alrededor del Agua y Justicia ||| Ordenamiento del Territorio Alrededor del Agua y Justicia;Ordenamiento territorial y justicia ambiental (agua);Determinantes sociales y salud ambiental;Si;
44;27;56;drogas|política drogas|paradigma|política|paradigma política|transformación territorial|territorio implementación|implementación paradigma|drogas territorio|sustitución;"14. Regulación de las drogas: del prohibicionismo a la dignificación de las personas, comunidades, territorios y medio ambiente 107 a. Regulación para la garantía de derechos y libertades 107 b. Transformación integral de los territorios, tránsito a la legalidad, cuidado de la naturaleza y protección de la vida 107 ||| Nacional de drogas ilícitas Reincorporación. Se pondrá en marcha una nueva política de drogas sustentada en un cambio cultural para dejar atrás el prohibicionismo como paradigma dominante, implementando estrategias que atiendan las causas estructurales del fenómeno, promoviendo la regulación, los usos alternativos de la hoja de coca, amapola y cannabis, y el desarrollo productivo de los territorios. Para su desarrollo, se dispon- ||| 14. Regulación de las drogas: del prohibicionismo a la dignificación de las personas, comunidades, territorios y medio ambiente La nueva política de drogas implica un cambio cultural para dejar atrás el prohibicionismo como paradigma dominante, implementando estrategias que atiendan las causas estructurales de este fenómeno como la pobreza, la falta de acceso a oportunidades, y la debilidad institucional, entre otras. Con este objetivo, se promoverá la regulación para construir una política de drogas con visión de largo plazo, basada en el cuidado de la vida con enfoque territorial, ambiental y diferencial. Se impulsará el desarrollo territorial con la sustitución de economías ilegales a legales, considerando las vocaciones productivas de las zonas intervenidas. Además, se sustentará en la participación e inclusión de todos los sectores, comunidades y territorios, contribuyendo a la implementación del Acuerdo de Paz, la construcción de la Paz Total, y será posicionada en el ámbito internacional. En este contexto, se priorizará el cuidado de las poblaciones rurales, la naturaleza y los territorios afectados por el uso ilícito, tráfico y comercialización de sustancias psicoactivas. a. Regulación para la garantía de derechos y libertades Se modificará la legislación vigente en los siguientes temas: (i) Regulación de usos alternativos de la planta de coca; (ii) uso adulto, producción y comercialización del cannabis; (iii) usos para fines medicinales, terapéuticos, industriales y científicos de sustancias psicoactivas; y (iv) protección del uso ancestral y popular, priorizando la participación de los campesinos y de las comunidades étnicas. Además, se implementarán: (i) Tratamiento penal diferenciado para pequeños cultivadores, (ii) medidas para la inclusión social y productiva, y (iii) alternativas a la privación de la libertad en delitos menores asociados a drogas. Por último, se adelantarán ajustes institucionales que promuevan la actuación coordinada para diseñar e implementar la nueva política de drogas. b. Transformación integral de los territorios, tránsito a la legalidad, cuidado de la naturaleza y protección de la vida Se formulará una política nacional de drogas que impulse la transición gradual de economías ilegales a legales por medio de la transformación territorial y la implementación de modelos económicos sostenibles que dignifiquen a las comunidades y protejan la naturaleza, donde se impulsen estrategias de reconversión productiva ||| 1. Diagnóstico El Punto 4 sobre la solución al problema de las drogas ilícitas muestra rezagos de cumplimiento para el período comprendido entre 2017 y noviembre de 2022, de acuerdo con el avance de los tres pilares que lo conforman: 4.1. Programa Nacional Integral de Sustitución de Cultivos de Uso Ilícito (PNIS) (73,93 %). 4.2. Prevención del consumo y salud pública (59,37 %). 4.3. Solución al fenómeno de producción y comercialización de narcóticos (75,28 %). El estado de implementación del PNIS, requiere especial atención, dado el incumplimiento presentado con las familias que acogieron el programa, el atraso en los planes de desarrollo alternativo, y su no articulación con la RRI, lo cual ha tenido como consecuencia que no ha sido una solución integral con enfoque territorial. Además, presenta dificultades operativas y presupuestales. Por otro lado, al concepto prohibicionista de la Política de Drogas en la agenda internacional ha dificultado soluciones alternativas y sostenibles, el tratamiento de salud pública al problema del consumo de drogas y la reconversión económica de las regiones afectadas. Por último, la acción del Estado frente a los grandes beneficiarios del negocio del narcotráfico y la desarticulación de las organizaciones que lo conforman ha sido débil. ||| Colombia Casas de justicia y centros de convivencia dignos en el territorio. Fortalecimiento del Programa Nacional de Casas de Justicia y Seguridad Humana y Justicia Social centros de convivencia Política de Drogas desde el Territorio. Implementación del nuevo paradigma sobre la política de drogas, con una focalización para Seguridad Humana y Justicia Social la transformación territorial y productiva Revitalización de los centros históricos y bienes de interés";Politica de drogas y sustitucion de cultivos;Excluir (no-salud);No;Enfoque en politica de drogas ilicitas/territorial, no en salud publica directamente.
45;27;56;mujeres|género|mujer|enfoque género|enfoque|participación|dignidad mujeres|interseccional|emprendimiento|casas dignidad;"1. Mujeres como motor del desarrollo económico sostenible y protectoras de la vida y del ambiente Las mujeres estarán en el centro de la transformación productiva del país en donde se garantice la seguridad humana, el buen vivir y el Derecho Humano a la Alimenta- ||| Empleo de Mujeres El cambio que propone este Plan es con las mujeres en todas sus diversidades. Ellas representan más de la mitad de la población y serán el centro de la política de la vida y de las transformaciones de nuestra sociedad. Las mujeres han sido históricamente tejedoras de la paz, guardianas del agua y defensoras del territorio y de la vida. Sin embargo, persisten las violencias y las discriminaciones. Las niñas y adolescentes han sido especialmente golpeadas. Entre las razones de estas desigualdades y discriminaciones, se destaca la normalización de roles, estereotipos, creencias, mitos, prácticas e imaginarios basados en la división sexual y de género de la sociedad. No se puede avanzar en la construcción de una Colombia, Potencia Mundial de la Vida mientras no se garantice el disfrute de sus derechos sociales y persistan barreras y brechas de género en materia económica, social y política, así como la injusta división ||| Participación de las mujeres en los cargos del nivel directivo en las entidades 42 % ||| El Fondo Se adelantarán estrategias de articulación de instrumentos ""Mujer Libre financieros, transferencia y desarrollo de capacidades técni­ y Productiva"" cas y humanas que incluyan la prevención de violencias de se fortalecerá género, alistamiento financiero y pruebas de alternativas innovadoras y flexibles de acceso al financiamiento y asesoría como instancia para promover, apoyar y financiar el emprendimiento, que articule formalización y fortalecimiento empresarial de las mujeres, las acciones y fomentando la asociatividad, y las alianzas público-popuoriente el enfoque lares y comunitarias con enfoque de género. de género en Se fortalecerán los sistemas de información y datos abiertos, el impulso del con el objetivo de contar con mejor información sobre todos los criterios que establece el Decreto 1860 de 2021 emprendimiento y así poder identificar las empresas y emprendimientos y la inclusión propiedad de mujeres o liderados por mujeres que podrán productiva de las ser integrados a los mercados a través de las compras públicas. En línea con la Asociatividad Solidaria para la Paz, mujeres. se definirán programas de acompañamiento a empresas y proyectos propios o asociativos de mujeres, que reconozcan la economía del cuidado, para participar en compras públicas con atención a aquellas que vivan en los territorios PDET. Estas acciones estarán bajo el liderazgo del Fondo Mujer Emprende, que cambiará su nombre a ""Mujer Libre y Productiva"", y que se fortalecerá como instancia que articule las acciones y oriente el enfoque de género en el impulso del emprendimiento y la inclusión productiva de las mujeres. ||| Se adelantará la reglamentación sobre eliminación de prácticas de discriminación por género en los servicios financieros y programas para eliminar las barreras de acceso al crédito, facilitando el otorgamiento de créditos de mayor monto, con bajas tasas de interés o intereses condonables. Además, se impulsarán programas públicos de educación financiera y tributaria para las mujeres.";Enfoque de genero y participacion de mujeres;Poblaciones vulnerables y equidad en salud;Si;
46;27;56;básico compra|urbano 10|10 agua|regularización productivo|compra acceso|ordenamiento regularización|productivo suelo|rural urbano|acceso ordenamiento|regularización;9. Compra, acceso, ordenamiento, regularización y uso productivo del suelo rural y urbano. 10. Agua potable y saneamiento básico. ||| 9. Compra, acceso, ordenamiento, regularización y uso productivo del suelo rural y urbano. 10. Agua potable y saneamiento básico. ||| 9. Compra, acceso, ordenamiento, regularización y uso productivo del suelo rural y urbano. 10. Agua potable y saneamiento básico. ||| 9. Compra, acceso, ordenamiento, regularización y uso productivo del suelo rural y urbano. 10. Agua potable y saneamiento básico. ||| 9. Compra, acceso, ordenamiento, regularización y uso productivo del suelo rural y urbano. 10. Agua potable y saneamiento básico.;Acceso a agua y regularizacion de suelo urbano;Excluir (no-salud);No;
47;26;54;indígenas|comunidades negras|negras|raizales|palenqueras|afrocolombianas|raizales palenqueras|negras afrocolombianas|afrocolombianas raizales|pueblos;Los pueblos indígenas y las comunidades negras, afrocolombianas, raizales y palenqueras tienen modelos e instrumentos de ordenamiento, planificación y administración, que forta­ lecen la política de ordenamiento territorial ambiental y aportan al desarrollo económico de la nación con un enfoque sostenible. Se implementarán estrategias para fortalecer sus esquemas de gobernanza del territorio, su participación en los aspectos que se relacionen con él, como también sus modelos y prácticas económicas de producción y comercialización. ||| Discriminación y adoptará una Política Pública para la Erradicación del Racial. Racismo y la Discriminación Racial. Será construida de manera participativa con los pueblos y comunidades negras, afrocolombianas, raizales, palenqueras, indígenas y Rrom. Se creará y reglamentará la Comisión de Reparación Histórica. La Vicepresidencia de la República y/o el Ministerio de Igualdad y Equidad, serán los encargados de coordinar esta agenda. ||| Meta Plan Maestro de Adecuación de Tierras y Distritos de Riego de las tierras de las comunidades negras, afroco- ||| PLAN NACIONAL DE DESARROLLO • 2022-2026 raizales y palenqueras iniciará solo hasta que se expidan los o el instrumento normativo especial para pueblos indígenas y para comunidades negras, afrocolombianas, raizales y palenqueras, concertados en el marco de la consulta previa. Se exceptúan de lo anterior, las disposiciones que aplican en los procesos actualmente en curso de formalización, seguridad jurídica y acceso a tierras, y restitución de derechos territoriales de pueblos indígenas y de comunidades negras, afrocolombianas, raizales y palenqueras (como lo son levantamientos topográficos, aclaraciones de área, cabidas y linderos), con el fin de que estos no se detengan y sin que esto signifique la vulneración de las aspiraciones territoriales de los pueblos indígenas y de las comunidades negras, afrocolombianas, raizales y palenqueras o reducción de los resguardos ni de los territorios colectivos. ||| COLECTIVOS DE COMUNIDADES NEGRAS, AFROCOLOMBIANAS, RAIZALES Y PALENQUERAS. Se crearán e implementarán mecanismos y disposiciones especiales con enfoque intercultural para la gestión catastral multipropósito en territorios y territorialidades de comunidades indígenas y en territorios colectivos de comunidades negras, afrocolombianas, raizales y palenqueras, con el fin de crear, modificar, adicionar o suprimir trámites, procesos, procedimientos, modelos, sistemas de información y/o requisitos relacionados con el servicio público de la gestión catastral conforme a un esquema diferencial regulado por el Gobierno Nacional, en concertación con los pueblos indígenas y comunidades negras, afrocolombianas, raizales y palenqueras, a través de sus estructuras representativas. En la gestión del catastro multipropósito para territorios y territorialidades de los pueblos indígenas y en territorios colectivos de comunidades negras, afrocolombianas, raizales y palenqueras, los operadores catastrales para territorios formalizados serán operadores indígenas y de las comunidades negras, afrocolombianas, raizales y palenqueras pertenecientes al territorio a intervenir catastralmente y podrán ser contratados de manera directa. Para los territorios no formalizados, la operación catastral tendrá un enfoque intercultural y se coordinará con las autoridades indígenas y de las comunidades negras, afrocolombianas, raizales y palenqueras respectivas. El IGAC será el gestor catastral prevalente en los territorios y territorialidades de los pueblos indígenas y en los territorios colectivos de comunidades negras, afrocolombianas, raizales y palenqueras. En aquellos resguardos, reservas, territorios protegidos en los cuales con anterioridad el gestor catastral no sea el IGAC, este acompañará, junto con las autoridades indígenas y de las comunidades negras, afrocolombianas, raizales y palenqueras correspondientes, la implementación de la política de catastro multipropósito. El Gobierno Nacional, apropiará los recursos fiscales necesarios para garantizar la implementación, idoneidad y adecuación de la política de catastro multipropósito en los territorios y territorialidades indígenas y en los territorios colectivos de comunidades negras, afrocolombianas, raizales y palenqueras. Las asignaciones que realice el Gobierno Nacional a esta política atenderán lo dispuesto en el marco de gasto de mediano plazo del sector y de acuerdo con las disponibilidades presupuestales. PARÁGRAFO PRIMERO. El Gobierno Nacional garantizará el fortalecimiento de capacidades técnicas, operativas y de acceso a tecnologías a las estructuras de gobierno propio de los pueblos indígenas y de las comunidades negras, afrocolombianas, raizales y palenqueras en materia de operación catastral. PARÁGRAFO SEGUNDO. Requisitos especiales para la gestión catastral en los territorios indígenas y en los territorios colectivos de comunidades negras, afrocolombianas, raizales y palenqueras. La gestión catastral en todos los territorios indígenas y en los territorios colectivos de comunidades negras, afrocolombianas,;Pueblos indigenas, negros, raizales y palenqueros;Poblaciones vulnerables y equidad en salud;No;"Enfoque etnico general; incluir si el fragmento trata especificamente de salud etnica (revisar manualmente)."
48;26;54;producción|agropecuaria|alimentos|productos|agropecuarios|artesanales|economía|productividad|productivos|innovación;"La economía Estas tres dimensiones están íntimamente ligadas. La una no biodiversa es se entiende sin la otra. La economía biodiversa es imposible imposible sin un sin un ordenamiento del territorio, sin la preservación de la ordenamiento naturaleza y sus funciones ecosistémicas, y sin una mayor del territorio, sin inclusión. Los procesos urbanos, la producción de alimentos y la industria que se han ido consolidando en el país no la preservación son sostenibles sin agua. Las ciudades y los procesos de la naturaleza productivos del desarrollo no pueden crecer de manera y sus funciones indefinida, porque su permanencia depende de su armonía ecosistémicas, con el medio ambiente. y sin una mayor inclusión. ||| Alrededor para incrementar la productividad agropecuaria y reducir la dependencia de la importación de alimentos; la lucha del Agua contra la deforestación, la extracción ilícita de minerales exige cambios y el narcotráfico; así como la transformación de la matriz sustantivos energética, y la reducción de la dependencia del petróleo y de la minería de carbón térmico. en la manera de concebir Hay una relación directa entre la disponibilidad de los el desarrollo recursos naturales y el mejoramiento de la productividad de los sectores industrial, agropecuario y turístico. Se económico y trata, entonces, de cambiar de óptica, por ello el desarrollo social. ||| Derecho Humano a la Alimentación comercialización y en las cadenas de suministro del campo, especialmente de pequeños productores. Los flujos efectivos de datos y el intercambio de información, potenciarán una comunicación más eficaz entre proveedores, compañías y consumidores, aumen­ tando la trazabilidad de los productos. ||| Se mediante el acompañamiento y fortalecimiento de procepromoverá sos asociativos y de cooperativismo. Se estimularán los la economía diversos tipos de organizaciones con el fin de facilitar su inserción a procesos productivos de desarrollo agropecuario popular en y/o rural. Se apoyará a las personas trabajadoras de la territorios rurales economía popular mediante acciones como: (i) Incentivar mediante el la creación de huertas familiares y comunitarias; (ii) recuperación de los medios de vida y subsistencia de las acompañamiento personas trabajadoras ante situaciones de riesgo, desastre y fortalecimiento o emergencia; (iii) impulso a la creación de organizaciones de procesos sociales y solidarias. asociativos y de cooperativismo. f. Consolidar la productividad y sostenibilidad del sector artesanal Se formulará y ejecutará una política pública que contribuya al desarrollo y fortalecimiento del sector artesanal, mediante la promoción y generación de oportunidades productivas y comerciales que permita la dignificación y preservación de los saberes, oficios y productos artesanales de los territorios, comunidades y miembros de economía popular, así como su crecimiento económico y el trabajo digno. Se promoverá la vinculación de patrones ancestrales de producción y consumo en la artesanía, basados en el conocimiento y la innovación, con un enfoque de sostenibilidad integral, para la búsqueda de oportunidades de financiamiento, participación y reconocimiento por parte de la población nacional y extranjera, a través de rutas artesanales en el Se territorio nacional. fortalecerán y fomentarán las g. Asociatividad solidaria para la paz diversas formas ||| Investigación e Innovación Se desarrollarán cadenas productivas agropecuarias y agroindustriales con base en la adaptación y/o adopción de tecnologías para el desarrollo sostenible, que cuente con la participación de las comunidades, enfatizando en la transferencia de conocimiento. Los procesos en el marco del SNIA y el Plan Nacional de Asistencia Integral, Técnica, Tecnológica y de Impulso a la Investigación, deben tener en cuenta el diálogo inter cultural entre los saberes ancestrales y el conocimiento científico en materia de agroecología, semillas nativas, manejo del agua, y de la logística agropecuaria mediante el fortalecimiento de los sistemas territoriales de innovación. Así mismo, se generarán modelos productivos agropecuarios a partir de procesos de investigación y desarrollo (I+D), que tengan en cuenta las necesidades de los territorios, sus poblaciones, sus necesidades logísticas y sus cadenas productivas priorizadas. Lo anterior será en línea con la implementación de la Misión de Investigación e Innovación ""derecho a la alimentación"", que buscará el impulso a procesos de industrialización, aumento de la productividad agropecuaria y avanzar en el legado de Hambre Cero a partir del desarrollo, adaptación y/o adopción de tecnologías; también la producción de ciencia en materia de inocuidad alimentaria, teniendo en cuenta los saberes locales con respecto a los sistemas alimentarios y culinarios de los diversos territorios de Colombia. d. Extensión tecnológica agroindustrial Se fortalecerán los programas y actividades de transferencia tecnológica agroindustrial. El uso intensivo de datos (monitoreo y seguimiento de cosechas y de producción, resultado de la adopción de tecnologías y cumplimiento de estándares, aceptaciones y rechazos de posibles compradores, entrada a segmentos de compras públicas) y la adopción de tecnologías digitales, permitirá transitar hacia una economía agraria e industrial intensiva en conocimiento, que facilite procesos de reconversión productiva local y de trazabilidad del desempeño de las pequeñas unidades productivas.";Produccion agropecuaria y agroindustria;Excluir (no-salud);No;
49;25;52;pnd|pmi|verificación|transformaciones pnd|aporte cumplimiento|pnd aporte|transformación pnd|cumplimiento pmi|verificación refrendación|implementación verificación;2. Cifras confiables para una acción pertinente 340 ||| 3. Implementación del Punto 6 según Transformaciones del PND 388 ||| 3. Implementación del Punto 1 según Transformaciones del PND 376 ||| 3. Implementación del Punto 5 según Transformaciones del PND 386 ||| 3. Implementación del Punto 2 según Transformaciones del PND 379;Seguimiento y verificacion del Plan Nacional de Desarrollo (PMI);Politica sanitaria e institucional;No;Mecanismos de seguimiento del PND en general, no especifico de salud.
50;25;52;deforestación|forestal|contención deforestación|contención|estrategia contención|deforestación implementación|ministro|restauración|estrategia|maderables;Ambiente Reforestación de áreas deforestadas Ministerio de Ambiente, ||| Estrategia de contención de la deforestación e imple- ||| Caquetá Estrategia de contención de la deforestación e imple- Guainía ||| Estrategia de contención de la deforestación y protección ||| Estrategia de contención de la deforestación e implementación;Deforestacion y restauracion forestal;Excluir (no-salud);No;
51;24;5;11|facultades|asociación colombiana|bogotá colombia|bogotá|colombia|colombiana facultades|https|asociación|105 11;"Salud. (2014). Referentes Conceptuales y Abordajes sobre Determinantes Ambientales. Bogotá, D.C: Ministerio de Salud y Protección Social. Retrieved from https://www.minsalud.gov.co/sites/rid/Lists/BibliotecaDigital/RIDE/VS/PP/SA/re ferentes-conceptuales-abordajes-determinantes-ambientales.pdf Ministerio de Salud y Protección Social. (2016) Resolución 3202 de 2016. Por la cual se adopta el Manual Metodológico para la elaboración e implementación de las Rutas Integrales de Atención en Salud - RIAS, se adopta un grupo de Rutas Integrales de Atención en Salud desarrolladas el Ministerio de Salud y Protección Social, dentro de la Política de Atención Integral en Salud -PAIS y se dictan otras disposiciones Ministerio de Salud y Protección Social (2021). Enfoque diferencial. Orígenes y alcances. Noviembre 2021. Naciones Unidas. (1948). Declaración Universal de Derechos Humanos. La ||| Peñaranda-Correa, F., Bastidas-Acevedo, M., Escobar-Paucar, G., Torres-Ospina, N., & Arango-Córdoba, A. (2006). Análisis integral de las prácticas pedagógicas de un programa educativo en Colombia. Salud Pública de México, 48(3), 229-235. Peñaranda, F. (2018). Educación en el campo de la salud pública. Una mirada pedagógica. Medellín: Universidad de Antioquia Presidencia de la República de Colombia. (2018). Decreto 762 de 2018. Por el cual se adiciona un capítulo al Título 4 a la Parte 4, del Libro 2, del Decreto ||| Colombia. Retrieved from https://www.minsalud.gov.co/Normatividad_Nuevo/Ley 1751 de 2015.pdf Departamento Administrativo de la Función Pública. (2020). Gestión del Conocimiento. Departamento Administrativo de la Función Pública. (2021). Abecé de la Integración de la Gestión del Conocimiento y la Innovación. Versión 1. ||| Bogotá, D.C, Colombia. Retrieved from https://www.funcionpublica.gov.co/web/eva/biblioteca-virtual//document_library/bGsp2IjUBdeu/view_file/40788625 Díez, E., Camprubí, L., & Ferrelli, R. (2015). Recomendaciones técnicas y operativas para el fortalecimiento de la Commisión Intersectorial de Salud Pública de Colombia. Colección Documentos de Trabajo No. 31. Eurosocial. ||| 1959 se crea la Asociación Colombiana esperanza de vida intermedia (entre 71 años y 76 años)"". Serie de Estudios a Profundidad de Facultades de Medicina ASCOFAME ENDS 1990/2010, Profamilia - Bogotá 2013 ""Descenso de la fecundidad, bono demográfico (Echeverry, 1991), primera institución en y crecimiento económico en Colombia 1990 - 2010"" Martínez, Ciro. Pág. 7 La primera incursión del Ministerio de Salud en estos temas data de 1967, a través de un contrato con ASCOFAME, para organizar un proceso de capacitación en fundamentos de demografía, sus implicaciones para el desarrollo y la salud, y métodos para regular las altas tasas de natalidad, bajo la expresión de ""paternidad responsable"", para no usar el término ""Planificación familiar""4. En";Facultades de medicina (asociacion colombiana);Politica sanitaria e institucional;Si;"Menciona asociacion colombiana de facultades de medicina; relevante a formacion medica."
52;23;48;lenguas nativas|decenal lenguas|nativas implementación|nativas|lenguas|implementación plan|plan decenal|decenal|implementación|plan;Implementación del Plan Decenal de Lenguas Nativas en ||| Implementación del Plan Decenal de Lenguas Nativas en ||| Implementación del Plan Decenal de Lenguas Nativas en ||| Implementación del Plan Decenal de Lenguas Nativas en ||| Implementación del Plan Decenal de Lenguas Nativas en;Plan decenal de lenguas nativas;Excluir (no-salud);No;
53;23;48;deporte|actividad física|deporte recreación|recreación actividad|recreación|actividad|física|deportivos|deportiva|ministerio deporte;Ministra de Minas y Energía Ministra de Deporte ||| 3. Derecho al deporte, la recreación y la actividad física para la convivencia y la paz 124 a. Democratizar el acceso de la población al deporte, la recreación y la actividad física 125 b. Más mujeres en el deporte 125 ||| Adicionalmente, se mejorará la arquitectura institucional del Ministerio del Deporte, se afianzarán los mecanismos de inspección, vigilancia y control (IVC) de las organizaciones públicas y privadas que conforman el Sistema Nacional del Deporte, se contará con un fondo-cuenta para el sector y se creará un Registro Único Nacional en el que se reconozcan los distintos actores del sistema en los niveles municipal, distrital, departamental y nacional. ||| PLAN NACIONAL DE DESARROLLO • 2022-2026 d. Sistema de información del deporte, la recreación y la actividad física ||| PLAN NACIONAL DE DESARROLLO • 2022-2026 de la entidad con las necesidades del servicio y las transformaciones del Ministerio del Deporte.;Deporte, recreacion y actividad fisica;Determinantes sociales y salud ambiental;Si;
54;23;48;aeropuerto|humano alimentación|transformaciones derecho|alimentación|transformaciones|humano|derecho humano|derecho|convergencia regional|convergencia;"Consolidación del Aeropuerto El Dorado Ciudad-Región* Cundinamarca Humano a la Alimentación; ||| Casanare Estudios técnicos y financieros necesarios, con el fin de Meta Convergencia Regional dar cumplimiento a la Ley 439 de 1998, ""Por la cual se Caquetá Otras transformaciones: Derecho autoriza la construcción del aeropuerto internacional de Putumayo Humano a la Alimentación; ||| Otras transformaciones: Derecho Humano a la Alimentación Mejoramiento del Aeropuerto Jorge Enrique González Torres de Convergencia Regional San José del Guaviare Otras transformaciones: Derecho Humano a la Alimentación Gestión integral de la altillanura y sabanas inundables de la Ordenamiento del Territorio Alrededor del Agua y Justicia ||| Derecho Humano a la Alimentación Modernización del aeropuerto de Inírida Otras transformaciones: Transformación Productiva, Internacionalización y Acción Climática Priorización e intervención de terminales fluviales, así como Convergencia Regional intervención en los corredores fluviales identificados como Otras transformaciones: Derecho Humano a la Alimentación; prioritarios en el Plan Maestro Fluvial Seguridad Humana y Justicia Social ||| Convergencia Regional Aeropuerto de Cartagena (Bayunca) Otras transformaciones: Derecho Humano a la Alimentación;";Derecho a la alimentacion y convergencia regional (aeropuerto);Excluir (no-salud);No;"Fragmento mixto con infraestructura aeroportuaria; posible ruido de mezcla tematica."
55;23;48;gobernanzas territoriales|gobernanzas|territoriales agua|agua bosques|bosques gobernanzas|bosques|agua|territoriales|costeros gobernanzas|costa territorios;Gobernanzas territoriales alrededor del agua y los bosques, ||| Gobernanzas territoriales alrededor del agua y los bosques, ||| Gobernanzas territoriales alrededor del agua y los bosques, ||| Gobernanzas territoriales alrededor del agua y los bosques, ||| Gobernanzas territoriales alrededor del agua y los bosques,;Gobernanza territorial de agua y bosques;Determinantes sociales y salud ambiental;Si;
56;23;48;agua|aguas|aguas residuales|residuales|saneamiento básico|saneamiento|agua saneamiento|básico|tratamiento aguas|acceso agua;Determinantes al acceso a vivienda digna, saneamiento básico, agua ||| Trimestral vulnerables. comunitarios, EPS Promoción del acceso equitativo a agua potable. Ministerio de Vivienda Continuo Vigilancia de la calidad del agua. INS, ET Anual ||| Congreso de la República Continuo acceso universal al agua potable. ||| Continuo higiene en comunidades intervenidas. SNCTeI Promoción del acceso a agua potable y Ministerio de Vivienda, ||| Vivienda 0 3.519.554 adecuadas para el manejo de aguas residuales innovación e infraestructura;Agua potable y saneamiento basico;Determinantes sociales y salud ambiental;Si;Determinante social directo de la salud (agua y saneamiento).
57;22;46;sexualidad|género|sexo|sexual|reproducción|identidades|personas|orientación|biológicas|construcción social;"3.2. Perspectiva de género Partir del género como una construcción social de patrones culturales relacionados con lo masculino y femenino implica comprender que en las personas más allá de las diferencias biológicas, existen otras identidades de género y de orientación sexual, tales como: persona Heterosexual, Homosexual, Lesbiana (L), Bisexual (B), Gay (G), Transgenerista (T), Intersexual (I) con efectos en sus procesos de salud y enfermedad y en la producción de desigualdades en salud relacionadas con estas diferencias. De ahí la importancia de reconocer sus capacidades, necesidades y derechos (MSPS,2021) La construcción social de roles, identidades, culturas, relaciones, que significan lo femenino, lo masculino y su neutralidad (género no binario); establecen modos de vida, de experiencia, de reproducción, de sexualidad, de interacción social, de acumulados y trayectorias, individuales, familiares, comunitarios, sociales. El género se relaciona con lo biológico, pero lo trasciende y lo modifica. Implica el fortalecimiento de la autonomía, empoderamiento, toma de decisiones, y participación orientada a la igualdad de género; además de la protección basada en acciones afirmativas que prevengan, atiendan y superen las discriminaciones, exclusiones, y violencias en los ámbitos de vida de los sujetos de acuerdo con su identidad de género. La perspectiva de género se orienta al reconocimiento de las desigualdades derivadas del predominio de lo masculino (aunque no únicamente) y de los efectos que produce en la vida de los sujetos de derecho, de acuerdo con sus identidades, roles y orientaciones sexuales. Los marcos normativos, institucionales y sociales establecen condiciones que, vinculadas al poder, a la ideología, a los contextos políticos, espaciales, temporales, legitiman y consolidan estereotipos, formas de discriminación y violencias basadas en género; que deben ser puestos en escena, para avanzar en ejercicios igualitarios, que consideren las diferencias, reconozcan la diversidad derivada de la perspectiva de género y reconfiguren una visibilización, una participación en igualdad de condiciones de la vida social, basadas en el respeto por la opción y la autonomía. En relación con la perspectiva de género se debe resaltar lo correspondiente a la sexualidad humana y la garantía de los derechos sexuales y reproductivos, los cuales responden a la reivindicación y reconocimiento de que todas las personas son dueñas de su cuerpo y sexualidad, y que se puede decidir sobre la vida sexual y reproductiva sin presiones, ni coerciones.10 El ejercicio igualitario de estos derechos se relaciona con la integridad, la dignidad humana, y las responsabilidades compartidas. Los derechos sexuales son independientes de los reproductivos, y suponen decisiones con incidencia en la vida relacional de las personas, de las familias y de los colectivos. De acuerdo con la OMS, la sexualidad es ""un aspecto central del ser humano que está presente a lo largo de su vida. Abarca el sexo, las identidades y los roles de género, la orientación sexual, el erotismo, el placer, la intimidad y la reproducción. Se siente y se expresa a través de pensamientos, fantasías, deseos, creencias, actitudes, valores, comportamientos, prácticas, roles y relaciones. Si bien la sexualidad puede incluir todas estas dimensiones, no todas ellas se experimentan o expresan siempre. La sexualidad está influida por la interacción de factores biológicos, psicológicos, sociales, económicos, políticos, culturales, éticos, legales, históricos, religiosos y espirituales"". (p3) En consecuencia, la perspectiva de género establece consideraciones específicas para la salud pública, lo que significa que los derechos, responsabilidades y oportunidades en salud, no dependen del hecho de haber nacido mujer u hombre, sino de la diversidad que surge de la construcción social identitaria; y el ejercicio de derechos con base en la no discriminación. ||| Marco conceptual Específicamente, en el campo de la salud sexual y la salud reproductiva, el enfoque de género permite reflexionar sobre los mecanismos históricos y socio-culturales que ponen a hombres o mujeres, pero particularmente a estas últimas, en una situación de vulnerabilidad frente al riesgo de enfermar o morir, en cuanto están sujetas a procesos biológicos particulares como: el embarazo, el parto, el aborto; a procesos sociales relacionados con la planificación familiar vista como un asunto femenino, o a la violencia, discriminación y abuso sexual que se ejerce en su contra por el simple hecho de ser mujeres o de identificarse con el género femenino, entre otros. Por su parte, el rol masculino frente a la salud sexual y la salud reproductiva señala contenidos y representaciones que los inducen a asumir otros riesgos en el ejercicio de la sexualidad y la reproducción, así como del goce y del disfrute de la sexualidad. Respecto a las personas con identidad transgénero, las representaciones de la sexualidad y la reproducción, implican grandes retos, en cuanto estas categorías se vinculan con la orientación sexual y a la representación icónica de lo femenino o de lo masculino, que exige respuestas del sector salud, como cuando una persona decide asumir transformaciones corporales que pueden llegar al cambio de sexo o un rol de género diferente al esperado socialmente. Resulta fundamental tener en cuenta que el género se articula con otras categorías como: pertenencia étnica, orientación sexual (heterosexual, homosexual o bisexual), identidad de género, momento del ciclo vital y situaciones como la discapacidad, la victimización por el conflicto armado u otras formas de violencia, desplazamiento forzado, los procesos migratorios, entre muchas otras, las cuales sumadas o agregadas potencian condiciones de disparidad, asimetría e inequidad, que afectan especialmente a las mujeres, así las mujeres pobres de ||| Todo lo señalado en precedencia permite entender la sexualidad como un concepto dinámico que agrega contenidos de construcción sociocultural sobre las condiciones biológicas, psico-emocionales y sociales, es decir, de los contenidos que se estructuran y de los modos como estos se realizan en las interacciones que se dan cuando se relacionan las personas entre sí. La sexualidad comprende la actividad sexual, las identidades y los roles de género, la orientación sexual, el erotismo, el placer, la intimidad, la reproducción (IPPF, 2008), las relaciones, la comunicación, entre muchas otras. En el PDSP el Ministerio de Salud y Protección Social le apuesta a una visión afirmativa y amplia de la sexualidad cuando define esta dimensión como un ""conjunto de acciones sectoriales, transectoriales y comunitarias para promover las condiciones sociales, económicas, políticas y culturales que permitan, desde un enfoque de derechos humanos, de género y diferencial, el ejercicio Entender la sexualidad como un libre, autónomo e informado de la sexualidad; el desarrollo de las concepto dinámico que agrega potencialidades de las personas durante todo su ciclo vital; y el desarrollo social de los grupos y comunidades""(MSPS, 2013). contenidos de construcción sociocultural sobre las En palabras de Alice Miller ""Integrar la sexualidad a los derechos humanos, poniendo énfasis en afirmar que es común condiciones biológicas, a todos los seres humanos, exige un compromiso consciente en cuanto a estar más alerta para detectar los ""constructos psico-emocionales y sociales. ideológicos (Rubin, 1989) que rigen nuestros supuestos acerca de las conductas y expresiones sexuales, así como la disposición a analizar los supuestos que subyacen a los diferentes argumentos políticos, religiosos y culturales sobre la sexualidad""(Miller,2010, p.2). En conclusión, el enfoque de derechos, que sustenta esta Política, se orienta a crear los mecanismos para que las personas en ejercicio de su ciudadanía comprendan sus derechos, los ejerzan y los exijan, con el propósito de superar la inequidad que impiden su realización humana. Supone el cumplimiento de estándares relacionados con el derecho a la dignidad, libertad, igualdad, la vida y la integridad, la autonomía, confidencialidad, e intimidad y que la oferta institucional para la promoción, ejercicio y realización del derecho a vivir una sexualidad plena se encuentre disponible, accesible, sea adaptable a las particularidades de los diferentes grupos; y prestada con calidad y solidaridad. ||| Sexualidad: es un concepto en evolución que comprende la actividad sexual, las identidades de género, la orientación sexual, el erotismo, el placer, la intimidad y la reproducción. ||| Sexo: hace referencia a las características biológicas que componen los cuerpos de las personas, y que caracteriza a los hombres por poseer pene y testículos y a las mujer por su vagina y ovarios. También existe igualmente la categoría intersexual, anteriormente conocida como hermafroditismo.";Sexualidad, genero e identidad;Salud sexual y reproductiva;Si;
58;21;44;https|www|https www|mental|pdf|co|org|salud mental|gov|gov co;"York Academy of Sciences, 1186, 125-145. https://doi.org/10.1111/j.17496632.2009.05333.x Duque-Páramo, M. C. (2007). Cultura y Salud: Elementos para el Estudio de la Diversidad y las Inequidades. Investigación En Enfermería: Imagen y Desarrollo, 9(2), 127-142. Einarsen S, Nielsen MB. Workplace bullying as an antecedent of mental health problems: a five-year prospective and representative study. Int Arch Occup Environ Health. 2015;88(2):131-42. Ereú de Mantilla, Evelyn (2018). Del antropocentrismo al biocentrismo: un recorrido hacia la educación para el desarrollo sostenible. Revista de Ciencia y Tecnología. AGROLLANÍA, 16 (2): 20-26. 2018. Edición Especial ISSN: 2665-0053 Evans, T., Whitehead, M., Diderichsen, F., Bhuiya, A., & Wirth, A. (2001). Desafío a la falta de equidad en salud: de la ética a la acción. New York: Oxford. FAO. Social Protection [Internet]. Food and Agiculture Organization of the United ||| Colombia, 2023 Fuente: Tomado del Análisis de la situación de salud en salud mental, con énfasis en análisis de desigualdades. MSPS, 2024. *Tasas por 100.000 habitantes. En Bogotá, se registran tasas medio-altas y altas de depresión, ansiedad, trastorno afectivo bipolar (TAB), epilepsia y demencia, reflejando una carga significativa de trastornos mentales. Estos indicadores están relacionados también con una mayor oferta de servicios de salud mental, lo que facilita el acceso y diagnóstico. Por otro lado, las tasas de intentos de suicidio son moderadas y las de suicidio consumado son bajas en comparación con otros indicadores, lo que podría reflejar la efectividad de algunas estrategias de prevención e intervención implementadas. Tabla 7. Determinantes sociales y resultados en salud mental en Bogotá, D.C. Colombia, Fuente: Tomado del Análisis de la situación de salud en salud mental, con énfasis en determinantes sociales. MSPS, 2024. *Tasas por 100.000 habitantes. Como se evidencia, la salud mental en Colombia presenta una marcada heterogeneidad territorial, influenciada por determinantes sociales que varían considerablemente entre las diferentes regiones. Esta realidad demanda una responsabilidad tanto intersectorial como transectorial, para abordar la salud mental no solo como la ausencia de enfermedad, sino como un proceso integral de promoción del bienestar personal, familiar y comunitario. ||| Depresión y ansiedad Entre 2019 y 2023 se registraron 1.186.547 casos de depresión en Colombia, con un predominio del 72 % en mujeres, quienes presentaron más del doble de riesgo de padecer depresión en comparación con los hombres (IRR = 2,30; IC95 % = 2,23-2,36). La tasa nacional muestra una tendencia muy leve a la reducción, con un cambio de 542,8 a 474,1 casos por 100.000 habitantes. Por quinquenios de edad, se halló que el mayor porcentaje de casos estuvo entre los 15 y 29 años (31 %), el grupo de 15 a 19 años tuvo una tasa de 784 casos por 100.000 habitantes en el 2023. En cuanto al comportamiento en población con autorreconocimiento étnico, los indígenas tuvieron en 2023 una tasa de 66,1 casos por cada 100.000 habitantes frente a una tasa de 19,9 por cada 100.000 habitantes en los negros, mulatos y afrocolombianos. Con 2.281.871 diagnósticos, los trastornos de ansiedad aumentaron su prevalencia en el periodo citado (2019-2023). Las mujeres representaron el 69 % de estos casos y mostraron el doble de riesgo de padecer ansiedad comparadas con los hombres (IRR = 2,02; IC95 %: 1,98-2,06). La tasa nacional muestra una tendencia en aumento, con un incremento de 748,5 casos por 100.000 habitantes a 1122. Por quinquenios de edad, los grupos entre los 15 y 24 años y de 50 a 59 años presentan los porcentajes más altos de personas con diagnóstico de ansiedad (19 % y 16 %, respectivamente); para el 2023, la tasa más alta se dio en el grupo de 15 a 19 años, con 1.569 casos por 100.000 habitantes. Por último, las tasas en la en población con autorreconocimiento étnico muestran un predominio en los pueblos indígenas, que para el 2023 tuvieron una tasa de 120,4 por cada 100.000 habitantes, frente a una tasa de 63 por cada 100.000 habitantes en los negros, mulatos y afrocolombianos. ||| 6. Referencias Adelman, H. S., y Taylor, L. (2006). Mental health in schools and public health. Public Health Reports, 121(3), 294-298. https://doi.org/10.1177/003335490612100312. Agencia Nacional de Tierras (2024). Consejos comunitarios [dataset]. Portal de datos abiertos de la ANT. https://data agenciadetierras.opendata.arcgis.com/datasets/4c3bda94f64c419ca1f911d00f5a43e9_0/ explore. Agudelo-Hernández, F., García Cano, J. F., Salazar Vieira, L. M., Vergara Palacios, W., Padilla, M., y Moreno Mayorga, B. et al. (2023). Brechas en la atención primaria en salud mental en Chocó, Colombia: barreras y desafíos. Revista Panamericana de Salud Pública (Pan American Journal of Public Health), 47, e138. https://iris.paho.org/bitstream/handle/10665.2/58322/v47e1382023.pdf?sequence=3&is Allowed=y. Agudelo-Hernández, F., y Rojas-Andrade, R. (2023). Mental health services in Colombia: a national implementation study. International Journal of Social Determinants of Health and Health Services, 53(4), 424-433. https://doi.org/10.1177/27551938231156023. Almeida, O. P., y Fenner, S. (2002). Bipolar disorder: similarities and differences between patients with illness onset before and after 65 years of age. Int Psychogeriatr, 14(3), 311-322. Almeida de, T. R. F. et al. (2020). A institucionalização do EAD no Corpo de Bombeiros de São Paulo para padronização do atendimento às tentativas de suicídio. Congresso Internacional de Educação e Tecnologias | Encontro de Pesquisadores em Educação a Distância. https://cietenped.ufscar.br/submissao/index.php/2020/article/view/1700. Andrade, L. H. et al. (2014). Barriers to mental health treatment: results from the WHO World Mental Health surveys. Psychological Medicine, 44(6), 1303-1317. https://doi.org/10.1017/S0033291713001943. Arenales, D., y Gómez, L. F. (2021). Psicología, ruralidad y salud mental en Colombia: una revisión de alcance. http://hdl.handle.net/10554/54070. Arévalo, C., y Valencia, N. (2021). Desgaste del cuidador informal: burnout en población rural de Cundinamarca. Fundación Universitaria Konrad Lorenz. https://repositorio.konradlorenz.edu.co/bitstream/handle/001/4806/902171397%20%20902172139%20RAI%20Desgaste%20del%20cuidador%20informal%20Burnout%20en% 20poblaci%c3%b3n%20rural%20de%20Cundinamarca.pdf?sequence=4&isAllowed=y. Arnold, I. et al. (2021). Age bipolar disorder-epidemiology, aetiology and treatment. Medicina (Kaunas), 57(6), 587. Asamblea General de las Naciones Unidas (2017). Promoción y protección de todos los derechos humanos, civiles, políticos, económicos, sociales y culturales, incluido el derecho al desarrollo. https://www.consaludmental.org/publicaciones/Resolucion-DDHH-SaludMental.pdf. Así Vamos en Salud (2022). Índice de salud rural 2022. https://asivamosensalud.org/sites/default/files/19.10.2022._indice_de_salud_rural_con_ ajustes_1.pdf. Asociación Colombiana de Facultades de Psicología (2021, 1.o de octubre). Salud mental y ruralidad. Conferencia [archivo de video]. YouTube. https://www.youtube.com/watch?v=73Cpvt38Yek&ab_channel=ASCOFAPSI. Asociación Colombiana de Neurología (2024, 20 de marzo). Comunicado a la opinión pública. https://www.portal.acnweb.org/. Asociación Colombiana de Psiquiatría (2024, 12 de marzo). Comunicado a la opinión pública, ACP-062-24. https://psiquiatria.org.co/noticias/comunicado-a-la-opinion-publicadesabastecimiento-de-medicamentos/. Bacigalupe, A., Cabezas, A., Bueno, M. B., y Martín, U. (2020). El género como determinante de la salud mental y su medicalización. Informe Sespas2020. Gaceta Sanitaria, 34(1), 61-67. Baksh, R. A. et al. (2021). Understanding inequalities in covid-19 outcomes following hospital admission for people with intellectual disability compared to the general population: a matched cohort study in the UK. BMJ Open. https://doi.org/10.1136/bmjopen-2021-052482. Banco Interamericano de Desarrollo (2022). Sanar para crecer: bienestar emocional y salud mental en la primera infancia. https://www.iadb.org/es/whats-our-impact/CO-T167. Bang, C. (2021). Abordajes comunitarios en salud mental en el primer nivel de atención: conceptos y prácticas desde una perspectiva integral. Revista Colombiana de Ciencias Sociales, 12(2), 778-804. https://www.redalyc.org/journal/4978/497870463015/html/. Barbui, C., y Albanese, E. (2020). Global mental health: good news, bad news and responsibilities for the future. Epidemiology and Psychiatric Sciences, 29, e76, 1-2. https://doi.org/10.1017/S2045796019000738. Barroso, A. (2019). Comprender el suicidio desde una perspectiva de género: una revisión crítica bibliográfica. https://scielo.isciii.es/scielo.php?script=sci_arttext&pid=S0211-57352019000100004. Bedoya Gallego, D. M. et al. (2020). Salud mental: de un ejercicio conceptual a un modelo de formación. Corporación Universitaria Minuto de Dios. Bogotá: Uniminuto. ISBN: 978-958-763-385-6. https://repository.uniminuto.edu/bitstream/10656/9877/1/Libro_Salud%20Mental_2020. pdf Beghi, E., y Giussani, G. (2018). Aging and the epidemiology of epilepsy. Neuroepidemiology, 51(3-4), 216-223. Bello, D., y Rosero, L. (2022). Barreras y facilitadores en la atención de salud mental en Machetá, Cundinamarca. Fundación Universitaria Konrad Lorenz. https://repositorio.konradlorenz.edu.co/bitstream/handle/001/5569/902171097_902172 172%20-%20RAI.pdf?sequence=2&isAllowed=y. Berardelli I., A. A. (2024). Characterization of psychiatric inpatients: the role of gender differences in clinical and pharmacological patterns. J Psychiatr Pract, 30(1), 2-12. Bezerra de Lima, I. et al. (2021). The use of indicators for the management of mental health services. Rev. Latino-Am. Enfermagem. http://dx.doi.org/10.1590/15188345.4202.3409. Bhugra, D. et al. (2017). The WPA-Lancet Psychiatry Commission on the Future of ||| Orinoquia. Colombia, 2023 Fuente: Tomado del Análisis de la situación de salud en salud mental, con énfasis en determinantes sociales. MSPS, 2024. *Tasas por 100.000 habitantes. En la región Centro, dos (2) departamentos presentan altos porcentajes de analfabetismo, mientras que la pobreza multidimensional se encuentra en niveles intermedios. El departamento de Santander destaca por sus altas tasas de violencia interpersonal y consumo de alcohol y cannabis. En salud mental, el departamento de Santander igualmente registra tasas elevadas de depresión, ansiedad, trastorno afectivo bipolar (TAB), epilepsia y demencia. Por su parte, Norte de Santander se encuentra en el cuartil más alto de intento de suicidio y suicidio. Tabla 3. Determinantes sociales y resultados en salud mental en la región Centro.";Enlaces y referencias documentales (salud mental);Sin clasificar (ruido);No;Fragmento de URLs/referencias bibliograficas, sin contenido tematico propio.
59;21;44;vivienda|viviendas|vigentes smlmv|mensuales|mensuales vigentes|legales mensuales|mínimos legales|mínimos|interés|smlmv;"c. Programa Barrios de Paz 232 d. Mecanismos diversos de acceso a la vivienda (vivienda nueva y usada, arrendamiento social y autogestión) 232 e. Democratización del crédito para acceder a soluciones habitacionales 233 f. Provisión y mejoramiento de vivienda rural 233 g. Vivienda diferencial, de interés cultural y vivienda productiva 234 h. Productividad del sector vivienda 234 ||| Convergencia Regional En otros indicadores básicos también se observan diferencias significativas. La bre­ cha urbana rural en agua potable y saneamiento básico es de 22 y de 18 puntos porcentuales, respectivamente. En recolección de basuras es de 70 puntos porcentuales. La proporción de familias que reside en viviendas inadecuadas en el campo triplica el porcentaje que presentan las ciudades. El déficit de vivienda en los municipios por fuera del Sistema de Ciudades es de 54 %, comparado con el 42 % de las ciudades uninodales y el 20 % de las aglomeraciones urbanas (Mapa 5.1). El mapa evidencia que el mayor porcentaje de déficit habitacional se presenta en las áreas periféricas del país, mientras que los municipios que hacen parte del Sistema de Ciudades presentan menores carencias. Mapa 5.1 | Déficit de vivienda en el sistema de ciudades, 2018 ||| Porcentaje de hogares con Objetivo 11. Ciudades y (2021) 26,0 % déficit habitacional comunidades sostenibles La Convergencia Regional es el proceso de reducción de brechas sociales y económicas entre hogares y regiones en el país, que se logra al garantizar un acceso adecuado a oportunidades, bienes y servicios. Para garantizar esta convergencia, es necesario avanzar en el fortalecimiento de los vínculos intra e interregionales. La convergencia está estrechamente relacionada con la productividad, competitividad e innovación en los territorios. Es necesario fortalecer las cadenas productivas, en función de las vocaciones específicas. El Sistema de Ciudades ha puesto en evidencia interacciones entre las aglomeraciones, y entre la ciudad y el campo, y ha mostrado la relevancia de los flujos laborales, pasajeros y carga. ||| Se desarrollarán los componentes del Subsidio Familiar de Vivienda en la modalidad de adquisición de vivienda nueva, usada, arrendamiento, autogestión, compra de materiales y adquisición o urbanización de terrenos, bajo un enfoque de generación de condiciones adecuadas de habitabilidad con criterios de sostenibilidad. Se fomentará la progresividad y articulación con modelos participativos de generación de oferta que permitan llegar a los territorios con baja disponibilidad de vivienda nueva y mejorar ||| Mayor al 85% Fuente; DNP, 2022, con información de DANE, 2018. Los problemas asociados a condiciones habitacionales en el país, se relacionan con los espacios y territorios ya construidos. El déficit cualitativo de vivienda es tres veces mayor al cuantitativo. Esto resulta en gran parte de los procesos de desarrollo de origen informal (50 % del crecimiento de las ciudades en las últimas tres décadas es de origen informal), cuyas formas de producción del espacio construido responden a";Vivienda y salario minimo;Excluir (no-salud);No;
60;20;42;crecimiento económico|objetivo trabajo|trabajo decente|2022 crecimiento|decente|crecimiento|trabajo|objetivo|económico|2022;Objetivo 8. Trabajo decente de los micronegocios de la - 12 % y crecimiento económico economía popular atendidos ||| Tasa de formalidad laboral 43,0 % (2022) y crecimiento económico 8.430 Fallecidos en siniestros viales 6.830 Objetivo 3. Salud y bienestar (2022) ||| Tasa de trabajo infantil 2,4 % (2022) y crecimiento económico ||| 1.500.429 Objetivo 8. Trabajo decente del Servicio Público de 1.965.939 (2022) y crecimiento económico ||| Trabajo 987.612 laborales (2022) y crecimiento económico Colocaciones a través del Servicio Público de 3.481.763 Objetivo 8. Trabajo decente;Crecimiento economico y trabajo decente (ODS);Excluir (no-salud);No;
61;20;42;amazonía|forestal amazonía|estrategia contención|núcleos desarrollo|desarrollo forestal|contención deforestación|amazonas|contención|transformación productiva|climática;Se intensificará En el desarrollo de los compromisos climáticos y sobre la biodiversidad establecidos en los convenios internacionales la búsqueda suscritos por el país, se fortalecerán los diálogos con la comude recursos de nidad internacional para orientar la agenda de cooperación cooperación hacia las prioridades nacionales y territoriales para la conservación de ecosistemas del país y se intensificará la internacional búsqueda de recursos de cooperación internacional con con énfasis en énfasis en la preservación de la Amazonia, el Pacífico y el la preservación Darién. de la Amazonia, Se desarrollará el marco reglamentario para el canje de el Pacífico y el deuda pública por conservación de los ecosistemas y su Darién. estrategia de implementación. Se buscarán mecanismos que faciliten la negociación internacional en igualdad de condiciones para el desarrollo de la bioeconomía y la ||| Amazonas Transformación Productiva, Internaen la región amazónica, en coordinación con las ||| Transformación Productiva, Internacionalización y Acción Estrategia de Contención de la Deforestación e implemen- Climática. tación de los núcleos de desarrollo forestal en la Amazonía Otras transformaciones: Ordenamiento del Territorio Alrededor del ||| Amazonas ción e innovación de Agrosavía, convertirlo en modelo de Transformación Productiva, Inter- ||| Gestión y protección de ecosistemas estratégicos Climática. Soluciones de hábitat integral en el Amazonía Convergencia Regional;Deforestacion en la Amazonia;Excluir (no-salud);No;
62;20;42;río|río magdalena|magdalena|magdalena combatir|acción río|combatir efectos|combatir|efectos cambio|cambio transformación|internacionalización acción;Transformación Productiva, Internacionalización y Acción alrededor del río Magdalena para combatir los efectos de cambio ||| Transformación Productiva, Internacionalización y Acción alrededor del río Magdalena para combatir los efectos de cambio ||| Transformación Productiva, Internacionalización y Acción alrededor del río Magdalena para combatir los efectos de cambio ||| Transformación Productiva, Internacionalización y Acción alrededor del río Magdalena para combatir los efectos de cambio ||| Otras transformaciones: Transformación Productiva, Internaprotegidas de la cuenca del río alto Magdalena, Macizo cionalización y Acción Climática;Rio Magdalena y cambio climatico;Excluir (no-salud);No;
63;20;42;digital|justicia digital|justicia|humana justicia|seguridad humana|justicia social|humana|física justicia|vivir cambio|digital vivir;11. Justicia digital eficiente e incluyente para el bienestar de las personas en los territorios 100 a. Política de Estado de Transformación Digital de la Justicia de mediano y largo plazo 101 b. Conectividad integral y estrategia multicanal para los servicios de justicia digital 101 ||| Infraestructura física Justicia para el digital para el buen vivir cambio social ||| Infraestructura física Justicia para el digital para el buen vivir cambio social ||| Infraestructura física Justicia para el digital para el buen vivir cambio social ||| Infraestructura física Justicia para el digital para el buen vivir cambio social;Justicia digital y seguridad humana;Excluir (no-salud);No;
64;19;4;economía|innovación|cti|tecnología innovación|impulso economía|reindustrialización|ciencia tecnología|economía popular|tecnología|popular;"SNCTeI Tabla 10. Fortalecimiento de la gobernanza, la rectoría y las finanzas. ||| 7. Reconocimiento e impulso a la Economía Popular y ||| 7. Reconocimiento e impulso a la Economía Popular y Comunitaria (EP) 135 a. Política pública para la economía popular 135 b. Sostenibilidad y crecimiento de las unidades económicas y formas de asociatividad de la EP 136 ||| 20. Reindustrialización, transformación productiva sostenible, economía circular, internacionalización, inclusión financiera e impulso a la economía popular, comunitaria, y solidaria; desescalar el modelo extractivista. 21. Administración pública, fortalecimiento institucional y lucha contra la corrupción. 22. Fortalecimiento de las capacidades para la defensa, la seguridad, el bienestar de la Fuerza Pública, la Justicia Social, humanización del Sistema Penitenciario y Carcelario y los centros de detención transitoria. ||| 20. Reindustrialización, transformación productiva sostenible, economía circular, internacionalización, inclusión financiera e impulso a la economía popular, comunitaria, y solidaria; desescalar el modelo extractivista. 21. Administración pública, fortalecimiento institucional y lucha contra la corrupción. 22. Fortalecimiento de las capacidades para la defensa, la seguridad, el bienestar de la Fuerza Pública, la Justicia Social, humanización del Sistema Penitenciario y Carcelario y los centros de detención transitoria. 23. Reconocimiento de la economía del cuidado.";Innovacion, ciencia, tecnologia y reindustrializacion;Excluir (no-salud);No;
65;19;4;regenerativa compra|agricultura|agroindustria sostenible|sostenible agricultura|promoción agroindustria|ganadería regenerativa|productiva financiera|productores rurales|financiera pequeños|regenerativa;"1. Transformación del sector agropecuario para producir más y mejores alimentos 152 a. Ordenar la producción agropecuaria 152 b. Proveer acceso a factores productivos en forma oportuna y simultánea 153 ||| 8. Inclusión productiva y financiera de pequeños y medianos productores rurales; y promoción de la agroindustria sostenible, y de la agricultura y ganadería regenerativa. 9. Compra, acceso, ordenamiento, regularización y uso productivo del suelo rural y urbano. 10. Agua potable y saneamiento básico. ||| Optimización tecnológica y sostenible de plantas de tra- ||| Transformación agroalimentaria y acceso integral a factores productivos y tecnológicos a través de proyectos productivos en ||| 8. Inclusión productiva y financiera de pequeños y medianos productores rurales; y promoción de la agroindustria sostenible, y de la agricultura y ganadería regenerativa. 9. Compra, acceso, ordenamiento, regularización y uso productivo del suelo rural y urbano. 10. Agua potable y saneamiento básico.";Agricultura regenerativa y compra de productores rurales;Excluir (no-salud);No;
66;19;4;internacionalización acción|productiva internacionalización|internacionalización|climática|transformación productiva|acción|productiva|transformaciones ordenamiento|transformación|justicia ambiental;Proyecto Departamento Transformaciones Intervención integral en el ecosistema de la Ciénaga de Cesar Ordenamiento del Territorio Alrededor ||| Ambiental Promoción del ecoturismo en áreas protegidas como Transformación Productiva, Internacionalización y Acción Climática. estrategia de conservación que contribuya a la valoración y Otras transformaciones: Ordenamiento del Territorio Alrededor del educación de la sociedad Agua y Justicia Ambiental Transformación Productiva, Internacionalización y Acción Climática. ||| Restauración ecológica, y remediación participativa de suelos, acceso integral a factores productivos a través de proyectos pro- Ordenamiento Alrededor del Agua y Transformación ductivos, formalización minera, fortalecimiento de la institucio- Productiva, Internacionalización y Acción nalidad para una nueva gobernabilidad democrática para el Bajo Climática ||| Transformación Productiva, Internacionalización y Acción Reconstrucción de zonas e infraestructuras afectadas por la Climática ocurrencia del fenómeno de La Niña 2010-2011 Otras transformaciones: Ordenamiento del Territorio Alrededor del Agua y Justicia Ambiental Implementación de soluciones basadas en la naturaleza y Transformación Productiva, Internacionalización y Acción recuperación de áreas degradadas por proyectos viales Climática ||| Transformación Productiva, Internacionalización y Acción Programa de restauración y conservación de ecosistemas de Climática humedal del departamento y la Ciénaga de Mallorquín Otras transformaciones: Ordenamiento del Territorio Alrededor del Agua y Justicia Ambiental;Internacionalizacion y transformacion productiva climatica;Excluir (no-salud);No;
67;18;38;retornada|inclusión integración|socioeconómica cultural|retornada migrante|refugiada|cultural población|migrante refugiada|27 fortalecimiento|institucional inclusión|población retornada;27. Fortalecimiento institucional para la inclusión, integración socioeconómica y cultural de la población retornada, migrante y refugiada. ||| 27. Fortalecimiento institucional para la inclusión, integración socioeconómica y cultural de la población retornada, migrante y refugiada. ||| 27. Fortalecimiento institucional para la inclusión, integración socioeconómica y cultural de la población retornada, migrante y refugiada. ||| 27. Fortalecimiento institucional para la inclusión, integración socioeconómica y cultural de la población retornada, migrante y refugiada. ||| 27. Fortalecimiento institucional para la inclusión, integración socioeconómica y cultural de la población retornada, migrante y refugiada.;Poblacion migrante y retornada (inclusion);Poblaciones vulnerables y equidad en salud;Si;
68;18;38;hará seguimiento|seguimiento permanente|justicia social|humana justicia|seguridad humana|permanente sector|justicia|humana|seguridad|hará;Justicia Social Que haiga (sic) un gobierno justo, un gobierno que trabaje verdade­ ramente por los derechos humanos y por las personas necesitadas como los discapacitados, las mujeres que están en violencia y la niñez, sobre todo un derecho a vivir una vida tranquila y en paz, y que acabe tanta maldad de tanta violencia tanto abuso y tanta corrupción. ||| Justicia para el cambio social Fuente: DNP, 2022. ||| Seguridad Humana y Justicia Social Fortalecimiento del plan para el desarrollo económico y social en ||| 6. Creación del Sistema Nacional de Justicia Familiar para atender las vulneraciones de derechos ||| La Guajira Seguridad Humana y Justicia Social paz institucionales y comunitarios (Ley 2272 de 2022);Seguimiento a la seguridad humana y justicia social;Excluir (no-salud);No;
69;18;38;transformaciones seguridad|humana justicia|seguridad humana|humana|justicia social|convergencia regional|convergencia|seguridad|regional|justicia;"Convergencia Regional Otras transformaciones: Seguridad Humana y Justicia Social; ||| Otras transformaciones: Seguridad Humana y Justicia Social casco urbano del municipio de Carepa Pavimentación de las vías que comunican el corregimiento de Convergencia Regional Mellito con las Changas y Alto Rosario, en el municipio de Necoclí Otras transformaciones: Seguridad Humana y Justicia Social Mejoramiento de las vías terciaria Ye Pavarandó - Chontadural, en el municipio de Mutatá, en el tramo de 1,15 km vial que ||| Otras transformaciones: Seguridad Humana y Justicia Social del municipio San Pedro de Urabá, Antioquia Intercambio vial Avenida del Poblado con paralelas de la Convergencia Regional Quebrada la Ayurá en el Área Otras transformaciones: Seguridad Humana y Justicia Social Ampliación Transversal de la Montaña (sector El Escobero), en el Convergencia Regional Área Metropolitana del Valle de Aburrá Otras transformaciones: Seguridad Humana y Justicia Social Intercambio vial Carrera 48 con Calle 50 Sur (Mayorca) en el Área Convergencia Regional Regional Metropolitana del Valle de Aburrá Otras transformaciones: Seguridad Humana y Justicia Social Ampliación puente Simón Bolívar en el Área Metropolitana del Convergencia Regional Valle Aburrá Otras transformaciones: Seguridad Humana y Justicia Social Construcción de la etapa 1 de un nuevo bloque en la Institución ||| Seguridad Humana y Justicia Social diferentes sitios del municipio de Envigado Ampliación de la Loma del Escobero eje transversal intermedia Convergencia Regional con Transversal de la Montaña Otras transformaciones: Seguridad Humana y Justicia Social Programa de Prevención y Atención de la Erosión Costera en los Transformación Productiva, Internacionalización y Acción municipios de San Juan de Urabá, Arboletes, Necoclí y Turbo Climática Fortalecimiento de la infraestructura física de la Universidad de ||| Convergencia Regional Construcción doble calzada Pasto - Santander de Quilichao Seguridad Humana y Justicia Social; Derecho Humano a la";Convergencia regional y seguridad humana;Excluir (no-salud);No;
70;18;38;vincularlos|vincularlos desarrollo|desarrollo turístico|turístico|turístico memoria|cultural vincularlos|justicia cultural|memoria ordenamiento|memoria|territorio agua;Ordenamiento del Territorio Alrededor del Agua y Justicia para vincularlos al desarrollo turístico y a la memoria colectiva e ||| Ordenamiento del Territorio Alrededor del Agua y Justicia cultural, para vincularlos al desarrollo turístico y a la memoria ||| Ordenamiento del Territorio Alrededor del Agua y Justicia cultural, para vincularlos al desarrollo turístico y a la memoria ||| Ordenamiento del Territorio Alrededor del Agua y Justicia para vincularlos al desarrollo turístico y a la memoria colectiva e ||| Ordenamiento del Territorio Alrededor del Agua y Justicia para vincularlos al desarrollo turístico y a la memoria colectiva e;Desarrollo turistico y memoria cultural;Excluir (no-salud);No;
71;18;38;secretaría salud|secretaría|maría|instituto nacional|hospital|salud secretaría|milena|federico lleras|sonia|municipal neiva;Aída Maired Builes Gutiérrez Susanne Ardila Dirección de Medicamentos y Tecnologías Instituto Nacional de Salud en Salud Ministerio de Salud y Protección Social Sofía Díaz Salcedo ||| Adriana Arévalo Jamaica Alma Solano Sánchez Instituto Nacional de Salud Secretaría de Salud de Barranquilla ||| Eliana Esmeralda Zambrano Becerra Sonia Milena Torres Rojas © Ministerio de Salud y Protección Social ||| Fernando López Sonia Jaqueline Pulido Martínez Instituto Nacional de Salud Secretaría de Salud del Amazonas ||| Gloria Patricia Ramírez Piedrahita Doyi Mejía Cañón Secretaría de Salud e Inclusión Social de Secretaría de Salud Municipal de Neiva;Secretarias de salud territoriales;Politica sanitaria e institucional;Si;
72;18;38;100|100 100|información información|anual|2026 2027|indicador recolección|información base|2027 2028|2028 2029|2030 2031;Nivel de la Fuente de Línea INDICADOR recolección 2025 2026 2027 2028 2029 2030 2031 información información base de datos Disminución a <4 Incidencia de Nacional, Infocáncer Anual 14,8 14% 13% 12% 10% 8% 5% 4% casos nuevos de casos nuevos de Departamental (acum. cáncer cervicouterino cáncer , Distrital y 2017por VPH por cada cervicouterino por Municipal 2021) ||| Nivel de la Fuente de Línea INDICADOR recolección 2025 2026 2027 2028 2029 2030 2031 información información base de datos geográfica definida Tasa <1 caso de Tasa de casos de Nacional, SIVIGILA, Anual 0,001 <0,1 <0,1 <0,1 <0,1 <0,1 <0,1 <0,1 ||| Nivel de la Fuente de Línea HITO INDICADOR recolección 2025 2026 2027 2028 2029 2030 2031 información información base de datos Aseguramiento de la Porcentaje de pacientes Nacional, Sistemas de Trimestral 70% 75% 80% 85% 90% 95% 95% 95% continuidad del cuidado con diagnóstico de Departamental, información de las personas con enfermedad transmisible Distrital y oficiales diagnóstico de de curso crónico Municipal, EPS, enfermedades eliminable que recibe IPS transmisibles de curso atención continua en el crónico: enfermedad de último año, segregado Chagas, eventos de la por evento. ||| Nivel de la Fuente de Línea INDICADOR recolección 2025 2026 2027 2028 2029 2030 2031 información información base de datos esta especie parasitaria Reducción de la tasa Tasa de letalidad Nacional, SIVIGILA, Anual 4% <1% <1% <1% <1% <1% <1% <1% de letalidad acumulada por Departamental RIPS (2012acumulada por Leishmaniasis , Distrital y 2021) ||| Nivel de la Fuente de Línea INDICADOR recolección 2025 2026 2027 2028 2029 2030 2031 información información base de datos El 90% o más de los Porcentaje de Nacional, Modulo Anual SD 30% 40% 45% 50% 60% 70% 90% recién nacidos con recién nacidos Departamental ETMI-PLUS, enfermedad de con enfermedad , Distrital y SIVIGILA,;Indicadores anuales de seguimiento (2026-2031);Sin clasificar (ruido);No;Fragmento de tabla de indicadores por ano, sin tema claro.
73;18;38;política|actualización|fase|actores|revisión|pdsp|salud|participación|evaluación|pnsm;"PDSP Plan Decenal de Salud Pública POCT Point of Care Testing - Pruebas en el punto de atención ||| Mecanismos de fortalecimiento a. La implementación y optimización del sistema de seguimiento, monitoreo y evaluación del PDSP 2022-2031 es el mecanismo que contempla la política que debe ser fortalecido para este recurso operativo. El sistema de seguimiento, monitoreo y evaluación busca identificar de manera temprana los riesgos relacionados con el desarrollo, la gestión de las acciones sectoriales e intersectoriales, así como con el cumplimiento de los objetivos de los ejes estratégicos y los fines de la política. b. Desarrollo de planes de acción para la mejora de la gestión de la salud pública. Las direcciones territoriales, el Ministerio de Salud y Protección Social y la Superintendencia de Salud deberán desarrollar, de manera coordinada, planes de acción como respuesta a los hallazgos del sistema de seguimiento, monitoreo y evaluación. Asimismo, las aseguradoras y los prestadores deberán acoger los planes de mejoramiento, en el marco de sus funciones, para el logro de los objetivos de la salud pública en el marco de la política. c. Los modelos de seguimiento y evaluación basados en desempeño, como lo son los marcos de referencia de ""Indicadores basados en desempeño"" y ""Resultados y Objetivos Clave"" permitirán a los diferentes actores identificar claramente sus objetivos en la cadena de valor y, asimismo, gestionar de manera efectiva y eficiente las diferentes acciones que aporten al logro de los resultados esperados de la política. ||| E n concordancia con el PDSP, y su organización por dimensiones prioritarias y transversales, la PNSDSDR desarrolla la dimensión prioritaria 7.5 y por esta razón la presente Política es un instrumento para la planeación territorial que la autoridad sanitaria puede apropiar y aplicar una vez realizados los Análisis de Situación en Salud Territorial y el establecimiento de sus prioridades, para construir las respuestas en salud apropiadas y concordantes con el marco estratégico del Plan Decenal. Es importante resaltar que por las mismas razones, la Política es un medio útil para la integración de las acciones de sus temáticas en la estrategia PASE a la Equidad en Salud, para la formulación y gestión integral de los Planes Territoriales de Salud. ||| La Política es un medio útil para Para facilitar el uso de la Política, se diseñó un Plan Operativo que la integración de las acciones de señala las acciones para el logro de cada objetivo de acuerdo sus temáticas en la estrategia a las tres líneas operativas del PDSP a saber: 1) Promoción de la salud; 2) Gestión del riesgo en salud y 3) Gestión de la PASE a la Equidad en Salud, para Salud Pública, los cuales a su vez se corresponden con los la formulación y gestión integral dos componentes establecidos para esta dimensión como son: 1) Promoción de los derechos sexuales y los derechos de los Planes Territoriales reproductivos y la equidad de género y 2) prevención y atención integral en salud sexual y salud reproductiva desde el de Salud. enfoque de derechos. ||| 3. Diseño metodológico La actualización de la PNSM se desarrolló en el marco del ciclo de la política pública, sustentado en un marco lógico que permitió abordar de manera estructurada las necesidades de las diversas poblaciones. Las fases de alistamiento y participación fueron adaptadas a las realidades de los territorios mediante procesos de diálogo y cocreación con distintos actores, lo cual facilitó la identificación de estrategias que respondieran de forma efectiva a las necesidades específicas de cada grupo poblacional.";Actualizacion y evaluacion del PDSP;Politica sanitaria e institucional;Si;
74;17;36;convergencia regional|convergencia|pacífico|regional|regional red|red férrea|férrea pacífico|regional impulsar|ciudadana región|climática;Convergencia Regional Acción Climática ($138,4 billones) ($114,4 billones) $$11..115544,,88 bbiilllloonneess ||| Convergencia Regional para impulsar la participación ciudadana en la región Pacífico ||| La Guajira Convergencia Regional social en las zonas de frontera ||| Convergencia Regional Red Férrea del Pacífico Otras transformaciones: Transformación Productiva, Internacionalización y Acción Climática ||| Convergencia Regional Red Férrea Dorada - Chiriguaná Otras transformaciones: Transformación Productiva, Internacionalización y Acción Climática;Convergencia regional del Pacifico (infraestructura);Excluir (no-salud);No;
75;16;33;tabla|actividades estrategia|eliminación|11|actividades|eliminación sostenimiento|sostenimiento eliminación|sostenimiento|nacional eliminación|transmisibles condiciones;Tabla de contenido Introducción ............................................................................................................................... 5 Abordajes conceptuales y ordenadores del Plan Decenal de Salud Pública 2022-2031 Marco Estratégico del Plan Decenal de Salud Pública 2022-2031 ................................ 75 Gestión Territorial Integral de la Salud Pública del Plan Decenal de Salud Pública 2022-2031 ...................................................................................................................................... 119 ||| 2. Objetivos del Plan ........................................................................................... 21 a. General ......................................................................................................... 21 b. Específicos .................................................................................................... 21 ||| 3. Objetivos del documento ................................................................................. 22 a. General ......................................................................................................... 22 b. Específicos .................................................................................................... 22 ||| c. Situación actual de las líneas operativas de acción ............................................... 38 i. Fortalecimiento e integración de los sistemas de salud y la prestación de servicios de salud .............................................................................................................. 39 ii. Fortalecimiento de los sistemas estratégicos de información y vigilancia de salud .... 40 ||| Tabla 5. Hitos de gestión ..................................................................................... 49 Tabla 6. Hitos de atención en salud ....................................................................... 52 Tabla 7. Fortalecimiento e integración de los sistemas de salud y la prestación de servicios de salud ............................................................................................................. 55 Tabla 8. Fortalecimiento de los sistemas estratégicos de información y vigilancia de salud ........................................................................................................................ 61 Tabla 9. Abordar los determinantes sociales y ambientales de la salud ........................ 64 Tabla 10. Fortalecimiento de la gobernanza, la rectoría y las finanzas. ........................ 69 Tabla 11. Involucrados en el Plan Nacional de Eliminación y Sostenimiento de la Eliminación de Enfermedades Transmisibles y Condiciones Prioritarias .......................................... 77 Tabla 12. Factibilidad, impacto, urgencia y prioridad de las actividades clave para acelerar el alcance de metas del Plan Nacional de Eliminación y Sostenimiento de la Eliminación de;Estrategia de eliminacion de enfermedades transmisibles;Enfermedades transmisibles;Si;
76;16;33;actividad estrategia|acciones actividad|estrategia responsable|institucional acciones|foco institucional|foco|responsable foco|responsable|actividad|institucional;Foco Institucional / Acciones Actividad según estrategia Responsable ||| Esta Política tiene como es potenciada a través del establecimiento de relaciones con los demás agentes institucionales, los cuales además propósito orientar el desarrollo de fortalecer y facilitar procesos, agregan acciones propias de las acciones sectoriales, e de su competencia que crean bienestar, atenúan riesgos y erradican factores causales de eventos mórbidos. Es decir la intersectoriales, en materia de ||| Foco Institucional / Acciones Actividad según estrategia Responsable ||| Foco Institucional / Acciones Actividad según estrategia Responsable ||| Foco Institucional / Acciones Actividad según estrategia Responsable;Actividades y responsables institucionales (formato generico);Sin clasificar (ruido);No;Fragmento de tabla de gestion institucional, sin tema sustantivo propio.
77;16;33;martha|diana|maría|ana|gonzález|dra|luz|cristina|carolina|gómez;Ana Carolina Amaya Arias Laura Cristina López Franco ||| David Felipe Sánchez Mora Nelly Alexandra Toro Garnica ||| Luis Fernando Velasco Chaves María Susana Muhamad González ||| Iván Alejandro Navarrete Hernández Yeiny Carolina Torres Bocachica ||| Lina María González Torres Sistema General de Regalías;Nombres propios de funcionarias/os;Sin clasificar (ruido);No;"Lista de nombres, posiblemente firmantes o responsables de documentos; sin contenido tematico."
78;16;33;tracoma|eliminación|cumplen|eliminación problema|departamental|fiebre|problema|amarilla|número et|tt;"Enfermedades Geohelmintiasis Ascaris lumbricoides, Eliminación como problema infecciosas Trichuris trichiura, de salud pública desatendidas uncinarias (Necator americanus y ||| Leishmaniasis visceral Leishmania infantum Eliminación como problema de salud pública Rabia humana Virus de la rabia Eliminación como problema transmitida por perros de salud pública ||| Tracoma Chlamydia trachomatis Eliminación como problema de salud pública ||| ETMI-PLUS (VIH, hepatitis B y enfermedad de Chagas congénito), tracoma, pian*, tuberculosis, lepra Al menos el 90% de los Porcentaje de pacientes Nacional, Informe de Anual 60% 70% 75% 80% 85% 90% 90% 90% pacientes con triquiasis con triquiasis Departamental, evento tracomatosa son tracomotosa (TT) que son Distrital y intervenidos intervenidos Municipal, EPS, quirúrgicamente quirúrgicamente en cada IPS departamento endémico *Según corresponda por la identificación de casos confirmados +Según corresponda por los datos del estudio de seroprevalencia 8. Actividades clave para la aceleración del alcance de las metas de eliminación. La implementación de este plan requiere un abordaje estratégico que garantice la eficacia y sostenibilidad de las actividades de aceleración y creación de sinergias para alcanzar los hitos epidemiológicos, de gestión y de atención en salud. En este contexto, los ejes estratégicos actúan como pilares fundamentales, articulando las prioridades del sistema de salud con las necesidades de las poblaciones afectadas. Estos ejes se diseñaron en armonía con las líneas operativas y los enfoques de eliminación establecidos, asegurando la coherencia y complementariedad entre los diferentes niveles de intervención, optimizando recursos y fortaleciendo capacidades locales. En el anexo 1 se complementa la información de las tablas 7, 8, 9 y 10 presentadas a continuación; en este anexo se incluyen adicionalmente las metas estratégicas y las líneas operativas del Plan Decenal de Salud Pública 2022-2031 y los códigos CUIPO relacionados con las actividades y subactividades. Tabla 7. Fortalecimiento e integración de los sistemas de salud y la prestación de servicios de salud ||| Número de ET endémicas para Tracoma que cumplen la tracoma intervenidas meta de con SAFE cumplen validación de criterio de reducción eliminación de TF < 5% en niños de 1 a 9 años. En 2029 el 100% de Departamental Programa Anual 4 4 5 5 5 6 entidades territoriales Nacional endémicas para Tracoma";Eliminacion de tracoma y otras ET;Enfermedades transmisibles;Si;
79;16;33;agua|ordenamiento|ordenamiento territorial|territorio|asentamientos|sector agua|ambiental|inundaciones sequías|sequías|territorial;1. Justicia Ambiental y gobernanza inclusiva 54 a. Implementación del Acuerdo de Escazú 54 b. Democratización del conocimiento, la información ambiental y de riesgo de desastres 54 ||| Los tres énfasis del Plan El programa de Gobierno del Presidente Gustavo Petro y la vicepresidenta Francia Márquez propone que las transformaciones se realicen teniendo como punto de partida el territorio. Ello significa que su ordenamiento alrededor del agua tiene que crear las condiciones propicias para que la economía sea descarbonizada, con base en la biodiversidad e incluyente. Así que los elementos constitutivos de este plan son tres: primero, el Ordenamiento del Territorio ||| Para establecer las bases que concreten estas propuestas, la transformación trabajará en los siguientes pilares: • Consolidar la base natural, cultural y arqueológica del territorio como los elementos primarios del ordenamiento territorial, bajo un enfoque de Justicia Ambiental orientado al desarrollo sostenible. Esta perspectiva es fundamental para gestionar integralmente el agua en todas sus dimensiones y soportar las necesidades de transporte, acueductos, protección contra las inundaciones y sequías. Además de organizar la forma como las personas se localizan en el territorio y se lo apropian. • Articular los planes de ordenamiento territorial a partir de las determinantes de superior jerarquía. Se avanzará en la actualización e implementación de los instrumentos de planificación que propicien la Transformación Productiva y la Convergencia Regional. • Fortalecer las capacidades de los ciudadanos y gobiernos locales para comprender y aplicar los instrumentos de ordenamiento territorial, el catastro multipropósito y el Sistema de Administración del Territorio (SAT). El fortalecimiento es efectivo y sostenible si hay un tránsito del financiamiento de las entidades territoriales, pasando de uno basado en los recursos derivados del petróleo y de los minerales, a otro que esté fundado en la generación de recursos propios, a partir de los instrumentos tributarios de captura de valor en las áreas urbanas y rurales. ||| La transformación debe avanzar hacia la resolución de conflictos por el uso y disponibilidad de la tierra y del agua, y en la restauración de los ecosistemas estratégicos. ||| 2. El agua, la biodiversidad y las personas, en el centro del ordenamiento territorial Las determinantes ambientales cumplen con una doble función. Por un lado, orientan los modelos de ocupación del territorio, permitiendo el ordenamiento en torno al agua y la protección de la biodiversidad. Y, por el otro, protegen el suelo rural para el derecho a la alimentación, a la vivienda y el hábitat. a. Ciclo del agua como base del ordenamiento territorial Se actualizará la política de gestión integral del recurso hídrico alrededor de cuatro dimensiones: (i) Oferta, que incluye la protección de páramos y humedales, la conexión de los ecosistemas, y la protección de cuencas abastecedoras y fuentes subterráneas a escala supramunicipal y regional. Las medidas adoptadas deben contribuir a reducir los conflictos de usos del suelo en áreas protegidas y de especial importancia ambiental, destacando los suelos de protección que están en condiciones de alto riesgo no mitigable. (ii) Demanda, incluyendo la articulación con políticas de asentamientos,;Ordenamiento territorial del agua (riesgo de inundaciones);Determinantes sociales y salud ambiental;No;
80;16;33;paz transformación|turísticos paz|regional territorios|territorios turísticos|turísticos|acción convergencia|internacionalización acción|productiva internacionalización|internacionalización|transformación productiva;Convergencia Regional Territorios turísticos de paz Transformación Productiva, Internacionalización y Acción ||| Convergencia Regional Territorios turísticos de paz Transformación Productiva, Internacionalización y Acción ||| Convergencia Regional Territorios turísticos de paz Transformación Productiva, Internacionalización y Acción ||| Convergencia Regional Territorios turísticos de paz Transformación Productiva, Internacionalización y Acción ||| Convergencia Regional Territorios turísticos de paz Transformación Productiva, Internacionalización y Acción;Convergencia regional y turismo;Excluir (no-salud);No;
81;16;33;históricos bienes|revitalización centros|centros históricos|históricos|revitalización|bienes interés|colombia revitalización|bienes|interés colombia|centros;Colombia conservará su patrimonio natural mediante la contención de la deforestación, el fortalecimiento de las estrategias para evitar la alteración y destrucción de sus áreas protegidas y ecosistemas estratégicos y avanzará en su restauración. ||| Revitalización de los centros históricos y bienes de ||| Colombia Revitalización de los centros históricos y bienes de interés ||| Colombia Revitalización de los centros históricos y bienes de interés ||| Caquetá Remodelación de la plaza de mercado del municipio de Belén de;Revitalizacion de centros historicos;Excluir (no-salud);No;
82;16;33;inclusión integración|migrante refugiada|refugiada|retornada migrante|27 fortalecimiento|cultural población|socioeconómica cultural|población retornada|institucional inclusión|integración socioeconómica;27. Fortalecimiento institucional para la inclusión, integración socioeconómica y cultural de la población retornada, migrante y refugiada. ||| 27. Fortalecimiento institucional para la inclusión, integración socioeconómica y cultural, de la población retornada, migrante y refugiada. ||| 27. Fortalecimiento institucional para la inclusión, integración socioeconómica y cultural de la población retornada, migrante y refugiada. ||| 27. Fortalecimiento institucional para la inclusión, integración socioeconómica y cultural de la población retornada, migrante y refugiada. ||| 27. Fortalecimiento institucional para la inclusión, integración socioeconómica y cultural de la población retornada, migrante y refugiada.;Inclusion de poblacion migrante y refugiada;Poblaciones vulnerables y equidad en salud;No;
83;16;33;ciudadana|participación ciudadana|participación|ciudadanía|control social|participativa|electoral|fortalecerán|instancias|política;c. Apropiación de lo público desde el ejercicio del control social 241 d. Consolidación de la planeación participativa 242 ||| Asociatividad La agenda fortalecerá a la Comisión Intersectorial de la ||| Se realizarán ajustes institucionales y culturales para recuperar la confianza de la ciudadanía en las instituciones públicas. En este sentido, se mejorará la relación de las instituciones públicas con la ciudadanía, buscando cumplir con sus expectativas y dar respuestas oportunas a problemas sociales complejos. Se diseñará una regulación eficiente y de calidad, y la transformación del Estado avanzará en términos de transparencia, digitalización, capacidad de desarrollo inclusivo e innovación para combatir de manera eficaz las diferentes formas de corrupción. a. Lucha contra la corrupción en las entidades públicas nacionales y territoriales Se garantizará el cumplimiento efectivo de lo dispuesto en el marco normativo de Transparencia y Lucha contra la Corrupción, a partir de un trabajo articulado entre las instituciones públicas y la ciudadanía. Así mismo, se ejecutarán acciones para el seguimiento y evaluación de la contratación y compra pública, mejorando la calidad y alcance de la información de los procesos contractuales a través de los datos abiertos, el fortalecimiento de la interoperabilidad con otros sistemas de información, y la adopción de tecnologías disruptivas (analítica de datos e inteligencia artificial, entre otros) que permita identificar riesgos de corrupción, anomalías y malas prácticas en la gestión de la contratación, y promover el control social. ||| 2. Participación ciudadana para garantizar que, además de los procesos electorales, las personas puedan incidir en el diseño, implementación, seguimiento y evaluación de las políticas y acciones institucionales que impactan sus vidas en lo cotidiano. Es necesario fortalecer la democracia representativa y darle un verdadero valor y reconocimiento a la democracia participativa. ||| Convergencia Regional a. Condiciones y capacidades institucionales, organizativas e individuales para la participación ciudadana Se reformulará la política institucional de participación ciudadana y se capacitarán servidores públicos para garantizar el involucramiento de la ciudadanía como un valor esencial en la gestión de lo público. De igual manera, se implementará una política de fortalecimiento a expresiones asociativas de la sociedad civil, se fortalecerán las herramientas existentes y se ampliará la oferta en el quehacer institucional. b. Efectividad de los dispositivos de participación ciudadana, política y electoral Se definirá una política de diálogo e intercambio permanente con la ciudadanía que dé continuidad a los diálogos regionales vinculantes, sobre la base de la revisión del Decreto 1535 de 2022 y evaluación de la Ley 1757 de 2015. Se fortalecerán el Consejo Nacional de Participación Ciudadana y el Sistema Nacional de Participación Ciudadana, con el fin de impulsar los dispositivos de participación ciudadana. De igual manera se implementarán metodologías y herramientas de participación ciudadana y diálogo, que permitan incidir en los asuntos públicos, tanto de las instancias reglamentadas de participación, como en otras expresiones y manifestaciones de la ciudadanía y otros actores de la sociedad civil y actores privados. Se impulsará la promulgación de la Ley de Garantías y Promoción de la Participación Ciudadana y de otras actividades que puedan realizar las organizaciones y movimientos sociales, prevista en el punto 2 del Acuerdo Final. Se reconocerá la protesta y la movilización social como ejercicio legítimo de derechos fundamentales y como una expresión ciudadana que fortalece la democracia, y que deberá articularse con otros dispositivos y expresiones ciudadanas. También se robustecerá el sistema político y electoral del país. Además, el Consejo Nacional Electoral conservará su autonomía administrativa y presupuestal, así como las facultades administrativas que le corresponden para el cumplimiento de sus funciones consagradas en el artículo 265 de la Constitución Política.;Participacion ciudadana y control social;Excluir (no-salud);No;
84;15;31;comunidades sostenibles|sostenibles|2022 comunidades|comunidades|objetivo|400|193|objetivo 11|11 ciudades|vivienda;6. Ciudades y hábitats resilientes 193 a. Reducción del impacto ambiental del sector residencial y promoción del hábitat verde 193 b. Conformación de hábitat próximos y diversos accesibles e incluyentes 193 ||| 70 % con catastro actualizado (2022) comunidades sostenibles ||| Familias que por la magnitud de los eventos y afectación en sus 155 Objetivo 11. Ciudades y 20.000 viviendas fueron reasentadas (2022) comunidades sostenibles temporal o definitivamente ||| Estadística 82 598 formado y/o actualizado total o parcialmente comunidades sostenibles ||| Áreas en proceso de comunidades sostenibles 946.217 restauración, recuperación 1.700.000 hectáreas Objetivo 14. Vida submarina y rehabilitación de hectáreas (2022) ecosistemas degradados Objetivo 15. Vida de ecosistemas terrestres 174.103;Objetivo de ciudades y comunidades sostenibles (vivienda);Excluir (no-salud);No;
85;15;31;programa intervención|infraestructura aeroportuaria|aeropuerto|aeroportuaria|intervención infraestructura|infraestructura|aeroportuaria programa|intervención|programa|artículo;Programa de intervención de infraestructura aeroportuaria y de ||| Programa de intervención de infraestructura aeroportuaria y de ||| Programa de intervención de infraestructura aeroportuaria y de ||| Programa de intervención de infraestructura aeroportuaria y de ||| Programa de intervención de infraestructura aeroportuaria y de;Infraestructura aeroportuaria;Excluir (no-salud);No;
86;15;31;artículo|ley|modifíquese|quedará|modifíquese artículo|parágrafo artículo|artículos|1753|1753 2015|45;PLAN NACIONAL DE DESARROLLO • 2022-2026 ARTÍCULO 149.o. Adiciónense los parágrafos transitorios tercero y cuarto al artículo 36 de la Ley 1341 de 2009, así: ||| PRODUCTIVA ARTÍCULO 262.o. Modifíquese el artículo 33 de la Ley 1931 de 2018, el cual quedará así: ||| ALIMENTACIÓN ARTÍCULO 213.o. Modifíquese el artículo 16 de la Ley 2281 de 2023, el cual quedará así: ||| Ley 2294 de 2023 ejecutar acciones y programas para el desarrollo social y económico de la subregión del Norte del Cauca. ARTÍCULO 271.o. Modifíquese el artículo 183 de la Ley 1753 de 2015, el cual quedará así: ||| INNOVACIÓN ARTÍCULO 304.o. Modifíquese el artículo 36 de la Ley 2068 de 2020, el cual quedará así:;Modificaciones normativas (articulos de ley);Politica sanitaria e institucional;No;"Fragmento juridico generico; revisar si corresponde a normativa de salud."
87;15;31;justicia|sistema justicia|defensa jurídica|justicias|servicios justicia|sistema|conflictos|99|métodos resolución|prestación efectiva;"c. Renovación de la arquitectura institucional del Sistema de Justicia 99 d. Transformación de la evidencia para el diseño de las políticas de justicia 100 e. Sistema Nacional de Defensa Jurídica del Estado 100 ||| c. Herramientas tecnológicas con enfoques diferenciales para la divulgación y acceso al ordenamiento jurídico 101 d. Capacidades y la oferta del Sistema de Justicia 101 ||| 10. Servicios de justicia centrados en las personas, comunidades y territorios El acceso efectivo a la justicia es fundamental para alcanzar el bienestar, la dignidad y el goce efectivo de los derechos sin ninguna discriminación. Bajo esta premisa, se formularán, implementarán y evaluarán intervenciones y políticas basadas en evidencia para la prestación efectiva del servicio de justicia; se promoverá la solución efectiva de los conflictos en las comunidades; se reconocerá la importancia de las justicias de los pueblos, y sus diferentes necesidades territoriales; y se protegerán los intereses litigiosos de la nación. a. Prestación efectiva de justicia con enfoque diferencial y métodos de resolución de conflictos Se desarrollará la política de fortalecimiento de la justicia familiar con énfasis en las comisarías de familia, garantizando la atención territorial y el restablecimiento de los derechos de los niños, niñas, adolescentes y personas en general, en el marco de las violencias ocurridas en la familia. Además, se extenderá el uso y apropiación de métodos de resolución de conflictos y del Programa Nacional de Casas de Justicia y centros de convivencia. Se promoverá el uso pertinente de los servicios de justicia, las habilidades, los conocimientos, y las circunstancias que permitan a las personas identificar, evaluar y actuar ante sus conflictos y necesidades jurídicas. b. Jurisdicción especial indígena, justicias propias y comunitaria, y desarrollo de Justicia Ambiental Se identificarán, planificarán y gestionarán fuentes de financiamiento efectivas y sostenibles para el funcionamiento autónomo de la Jurisdicción Especial Indígena. Se caracterizarán las justicias propias y comunitarias para robustecer su reconocimiento por las autoridades locales, con énfasis en sus prácticas, saberes ancestrales y la promoción de respuestas efectivas a sus necesidades específicas. Adicionalmente, se promoverá el acceso a la justicia en asuntos ambientales. ||| Medicina Legal y Ciencias Forenses, el Ministerio Público, la Policía Nacional, el Sistema Integral de Verdad, Justicia, ||| Justicia Se realizará un mapa de justicia con la caracterización de las capacidades de la oferta en los territorios; un modelo de articulación y coordinación entre el Sistema de Justicia y los sistemas locales de justicia; y una estrategia diferenciada para el fortalecimiento de las capacidades institucionales, técnicas y tecnológicas de los prestadores de servicios.";Sistema de justicia y resolucion de conflictos;Excluir (no-salud);No;
88;15;31;talento humano|talento|atención|acceso|lgtbiq|integral|calle familias|familias adultos|migrante campesinos|lgtbiq niños;"c. Transformación cultural para promover la corresponsabilidad del cuidado 128 d. Alianzas público - populares para los cuidados comunitarios 128 e. Sistema de información, difusión y gestión del conocimiento 128 f. Difusión del Sistema Nacional de Cuidado 129 g. Mecanismo de financiación del Sistema Nacional de Cuidado 129 ||| PLAN NACIONAL DE DESARROLLO • 2022-2026 12. Fortalecimiento de la infraestructura, los sistemas de información y el talento humano para la atención primaria en salud integral y universal. 13. Garantía del disfrute y ejercicio de los derechos de todos los grupos poblaciones, con énfasis en la atención de los actores diferenciales (pueblos y comunidades étnicas; mujeres; LGTBIQ+; niños, niñas y adolescentes; jóvenes; personas con discapacidad población migrante, campesinos y campesinas, habitantes de calle, familias y adultos mayores). 14. Desarrollo integral con base en el acceso a la jornada educativa ampliada en el acceso a la cultura, artes, deporte y espacio público. 15. Acceso físico y económico para la disponibilidad y adecuación de los alimentos. 16. Hábitat y vivienda digna. 17. Paz Total y atención integral a las víctimas (incluidas víctimas en el exterior). 18. Levantamiento y actualización del catastro multipropósito. 19. Turismo en armonía con la vida. ||| PLAN NACIONAL DE DESARROLLO • 2022-2026 12. Fortalecimiento de la infraestructura, los sistemas de información y el talento humano para la atención primaria en salud integral y universal. 13. Garantía del disfrute y ejercicio de los derechos de todos los grupos poblaciones, con énfasis en la atención de los actores diferenciales (pueblos y comunidades étnicas; mujeres; LGTBIQ+; niños, niñas y adolescentes; jóvenes; personas con discapacidad población migrante, campesinos y campesinas, habitantes de calle, familias y adultos mayores). 14. Desarrollo integral con base en el acceso a la jornada educativa ampliada en el acceso a la cultura, artes, deporte y espacio público. 15. Acceso físico y económico para la disponibilidad y adecuación de los alimentos. 16. Hábitat y vivienda digna. 17. Paz Total y atención integral a las víctimas (incluidas víctimas en el exterior). 18. Levantamiento y actualización del catastro multipropósito. 19. Turismo en armonía con la vida. ||| PLAN NACIONAL DE DESARROLLO • 2022-2026 13. Garantía del disfrute y ejercicio de los derechos de todos los grupos poblaciones, con énfasis en la atención de los actores diferenciales (pueblos y comunidades étnicas; mujeres; LGTBIQ+; niños, niñas y adolescentes; jóvenes; personas con discapacidad población migrante, campesinos y campesinas, habitantes de calle, familias y adultos mayores). 14. Desarrollo integral con base en el acceso a la jornada educativa ampliada en el acceso a la cultura, artes, deporte y espacio público. 15. Acceso físico y económico para la disponibilidad y adecuación de los alimentos. 16. Hábitat y vivienda digna. 17. Paz Total y atención integral a las víctimas (incluidas víctimas en el exterior). 18. Levantamiento y actualización del catastro multipropósito. 19. Turismo en armonía con la vida. ||| PLAN PLURIANUAL DE INVERSIONES 12. Fortalecimiento de la infraestructura, los sistemas de información y el talento humano para la atención primaria en salud integral y universal. 13. Garantía del disfrute y ejercicio de los derechos de todos los grupos poblaciones, con énfasis en la atención de los actores diferenciales (pueblos y comunidades étnicas; mujeres; LGTBIQ+; niños, niñas y adolescentes; jóvenes; personas con discapacidad población migrante, campesinos y campesinas, habitantes de calle, familias y adultos mayores). 14. Desarrollo integral con base en el acceso a la jornada educativa ampliada en el acceso a la cultura, artes, deporte y espacio público. 15. Acceso físico y económico para la disponibilidad y adecuación de los alimentos. 16. Hábitat y vivienda digna. 17. Paz Total y atención integral a las víctimas (incluidas víctimas en el exterior). 18. Levantamiento y actualización del catastro multipropósito. 19. Turismo en armonía con la vida.";Atencion a poblaciones vulnerables (LGTBIQ, migrantes, calle);Poblaciones vulnerables y equidad en salud;Si;
89;14;29;materno infantil|materno|infantil|cien|prevalencias|meno|prevalencia|vih|hepatitis|uterino;TIPOLOGÍA ENFERMEDAD AGENTE INFECCIOSO OBJETIVO NACIONAL Enfermedades Cáncer cérvico uterino Virus del papiloma Eliminación como problema inmunoprevenibles por VPH humano de salud pública ||| Tétanos neonatal Clostridium tetani Enfermedades de TMI-VIH Virus de la Eliminación como problema transmisión Inmunodeficiencia de salud pública materno infantil Humana ||| Geohelmintiasis X* X X X trimestre del embarazo ||| Rabia humana Sin profilaxis posttransmitida por X X X exposición durante perros el embarazo ||| Tétanos Neonatal por Tétanos Neonatal Departamental LNR, DANE,;Salud materno-infantil y enfermedades transmisibles (VIH, hepatitis);Enfermedades transmisibles;Si;
90;14;29;jóvenes|juventud|juvenil|jóvenes beneficiarios|jóvenes paz|nacional jóvenes|ciudadanía juvenil|juventudes protagonistas|juvenil popular|paz;6. Jóvenes con derechos que lideran las transformaciones para la vida 328 ||| Representante de jóvenes • Subregión del Catatumbo, Ocaña ||| Jóvenes con derechos que lideran las transformaciones para la vida ||| Crece la generación para la vida y la paz: Niñas, niños y adolescentes protegidos, amados y con oportunidades ||| 4. Juventudes protagonistas de las transformaciones Se impulsará una reforma Se adelantarán las acciones para garantizar, fortalecer y al Estatuto de consolidar las instancias de participación de la juventud, el Ciudadanía Juvenil poder popular y la participación vinculante. Se impulsará una para robustecer los reforma al Estatuto de Ciudadanía Juvenil para robustecer instrumentos de los instrumentos de política que permitan garantizar los derechos y deberes de la juventud. Igualmente, el Consejo política que per­ Nacional de Políticas Públicas para la Juventud (CNPPJ), en mitan garantizar conjunto con la Consejería para la Juventud, impulsarán los derechos y la reformulación de la Política de Sacúdete, que quedó deberes de la establecida en la Ley 2231 de 2022, de tal forma, que se incorporen los enfoques de Seguridad Humana y Justicia juventud.;Juventud y participacion juvenil;Excluir (no-salud);No;
91;14;29;apoyo|planeta plan|exterior 26|apoyo connacionales|26 artes|presencia diversificación|saberes vida|cuidado planeta|mundo apoyo|paz cuidado;FARC-EP 372 Punto 1. Hacia un nuevo campo colombiano: Reforma Rural Integral 374 ||| 8. El Instituto Colombiano de Bienestar Familiar como impulsor de proyectos de vida 313 ||| PLAN NACIONAL DE DESARROLLO • 2022-2026 23. Reconocimiento de la economía del cuidado. 24. Apoyo a la formación y creación de empleo para el trabajo digno y decente. 25. Presencia, diversificación y fortalecimiento de Colombia en el mundo y apoyo a connacionales en el exterior. 26. Artes, cultura y saberes para la vida, la paz y el cuidado del planeta. ||| PLAN NACIONAL DE DESARROLLO • 2022-2026 24. Apoyo a la formación y creación de empleo para el trabajo digno y decente. 25. Presencia, diversificación y fortalecimiento de Colombia en el mundo y apoyo a connacionales en el exterior. 26. Artes, cultura y saberes para la vida, la paz y el cuidado del planeta. ||| PLAN PLURIANUAL DE INVERSIONES 23. Reconocimiento de la economía del cuidado. 24. Apoyo a la formación y creación de empleo para el trabajo digno y decente. 25. Presencia, diversificación y fortalecimiento de Colombia en el mundo y apoyo a connacionales en el exterior. 26. Artes, cultura y saberes para la vida, la paz y el cuidado del planeta.;Apoyo a connacionales en el exterior;Excluir (no-salud);No;
92;14;29;hospital|dotación hospital|construcción hospital|dotación|construcción|hospital nivel|municipio|física hospital|remodelación dotación|remodelación;Nariño Proyecto de Fortalecimiento de Hospitales de la región Cauca ||| Remodelación y dotación de hospitales de las regiones ||| PDET Arauca Construcción de la nueva infraestructura física del hospital San Lorenzo del municipio de Arauquita, departamento de Arauca E. Seguridad Humana y Justicia Social ||| Construcción de infraestructura, reorganización y dotación del Hospital Manuel Elkin Patarroyo de Santa Rosa del Sur ||| Ambiental colectiva e histórica Construcción y ampliación de la planta física E. S. E. Hospital;Infraestructura hospitalaria (dotacion y construccion);Sistema de salud y aseguramiento;Si;
93;14;29;alimentos|nutricional|alimentación|alimentaria|desnutrición|inseguridad|lactancia|recuperación nutricional|inseguridad alimentaria|alimentarias;"Derecho Humano a la Alimentación 2. Existen regiones del país que no cuentan con una adecuada accesibilidad y conectividad vial, aérea y/o fluvial, que facilite el acceso físico a los alimentos. De acuerdo con la UPRA, el 41 % del área del país se encuentra a más de 10 horas de desplazamiento de un centro de comercialización, lo cual implica que la población asentada en las zonas más remotas tienen menores oportunidades de acceder al portafolio de alimentos ofrecidos en estos centros. 3. En materia de adecuación de los alimentos, el país tiene una baja capacidad en la gestión de riesgos sanitarios y fitosanitarios, a lo cual se suma que carece de una política integral de inocuidad y trazabilidad agrícola y pecuaria. El consumo de alimentos se ve afectado por la práctica de inadecuados hábitos alimentarios que descencadenan situaciones de malnutrición (desnutrición, la deficiencia de micronutrientes y el exceso de peso, lo que se conoce como triple carga nutricional) en todos los momentos del curso de vida. Estos problemas se relacionan con prácticas inadecuadas de consumo de alimentos que no cubren las necesidades de energía y nutrientes, acompañados de una mala calidad del agua en zonas rurales (512 municipios) (MVCT-INS, 2021). 4. En materia de gobernanza se presentan dificultades para la artículación entre las políticas y planes del nivel nacional con los desarrollados a nivel territorial. La arquitectura institucional nacional no contempla la participación de entidades territoriales y de la sociedad civil que permita establecer planes y políticas adaptadas a sus necesidades. Además, el país no cuenta con un sistema de información que permita hacer seguimiento y monitoreo a la disponibilidad, accesibilidad y adecuación alimentaria, lo que dificulta la toma de decisiones para la garantía del DH. AA. 5. La distribución de la propiedad de la tierra es muy desigual, y ello tiene implicaciones negativas en la armonía social y en la productividad. Es por ello que el cumplimiento del primer punto del Acuerdo de la Habana tiene por objeto promover una mejor distribución de la tierra, con el diseño de mecanismos que mejoren la productividad y la competitividad agropecuaria. Todas estas dificultades generan disparidades territoriales en los aspectos relacionados con la disponibilidad, acceso físico, económico y adecuación de los alimentos como se detalla en el Mapa 3.1, relacionado con el índice de inseguridad alimentaria1. Allí se observa que 91 municipios del país tienen altos niveles de inseguridad alimentaria, 434 nivel medio-altos y 414 nivel medio. 1 El índice cuenta con 15 indicadores que tienen representatividad municipal. En lo referente a disponibilidad, se incluye la producción de alimentos por habitante, índice de producción pecuaria, índice de Herfindahl producción de alimentos, porcentaje de las UPA con producción afectadas por fenómenos naturales, porcentaje de área municipal con vocación agrícola y presencia de centrales mayoristas. Respecto al acceso físico, se usaron indicadores como conectividad municipal, desastres naturales e incidencia del conflicto armado. En el componente acceso económico, se incluye el porcentaje de personas en condiciones de pobreza, la cobertura de acueducto y la proporción promedio de población en condición de vulnerabilidad. Finalmente, en el componente de adecuación, se abordan indicadores como el índice de riesgo de calidad de agua para consumo humano, la tasa de mortalidad por desnutrición y la cobertura de alcantarillado. ||| PLAN NACIONAL DE DESARROLLO • 2022-2026 Mapa 3.1 | Índice de inseguridad alimentaria, a partir de disponibilidad, acceso físico y económico, y adecuación de alimentos ||| Catalizadores Para superar estos problemas y avanzar progresivamente en el Derecho Humano a la Alimentación, se trabajará en cada uno de los pilares que fundamentan este derecho. El país contará con una mejor disponibilidad de alimentos a través de una promoción decidida del sector agropecuario y sus productores; se fortalecerá el acceso físico a los alimentos por medio de cadenas de suministro eficientes, digitales y desarrollo de infraestructura de transporte; se reducirá la triple carga nutricional y la mortalidad asociadas a la adecuación de los alimentos a las necesidades territoriales y poblacionales. Se contará con esquemas de gobernanza que tracen rutas claras para definir, implementar y evaluar las políticas públicas que afectan el Derecho Humano a la Alimentación. Para contar con mayor disponibilidad de alimentos, Colombia fortalecerá su oferta agroalimentaria en forma sostenible. Esto se llevará a cabo a partir de la identidad del territorio, de sus actores y sus dinámicas fortaleciendo los procesos propios de producción y consumo de alimentos, donde la agricultura campesina, familiar y comunitaria juega un rol fundamental para alcanzar progresivamente la soberanía alimentaria. ||| Derecho Humano a la Alimentación vida, para lo cual se implementarán en los diferentes entornos de desarrollo el Plan de Lactancia Materna y Alimentación Complementaria, y las Guías Alimentarias Basadas en Alimentos (GABAS), entre otras políticas. Es necesario un cambio de los comportamientos hacia hábitos de alimentación saludable reconociendo las prácticas alimentarias tradicionales. Lo anterior, buscando evitar y atender la presencia de malnutrición y sobrepeso, precursores de mortalidades por desnutrición y las enfermedades no trasmisibles. Todas estas estrategias en disponibilidad, accesibilidad y consumo se soportarán en diferentes instancias de gobernanza en el marco del Sistema para la Garantía Progresiva del Derecho Humano a la Alimentación. Para que el Sistema funcione de manera adecuada, es necesario que haya consolidación de la información para la toma de decisiones. ||| Derecho Humano a la Alimentación las ETA para prevenir futuros eventos. (d) Fortalecimiento de las capacidades de los equipos territoriales y laboratorios de salud pública para la recolección, transporte y análisis de las muestras de alimentos y agua potable que permitan la identificación de los agentes patógenos.";Seguridad alimentaria y nutricional;Nutricion y seguridad alimentaria;Si;
94;14;29;violencias|género|violencias género|víctimas|violencias basadas|basadas género|vbg|seguimiento monitoreo|atención|pdsp d5;Porcentaje de mujeres víctimas de violencias de género con atención en 77 % ||| 85 % Objetivo 5. Igualdad de género salud física y mental por (2021) sospecha de violencia física, psicológica y sexual ||| Por último, se implementarán instrumentos de política pública para prevenir violencias basadas en género con énfasis en mujeres y población con orientaciones sexuales e identidades de género diversas y disidentes. ||| 4. Por una vida libre de violencias contra las mujeres ||| Inclusión 0 20.000 Prevención de las Violencias Basadas en Género de género;Violencias basadas en genero (VBG);Violencia y salud;Si;
95;13;27;health|https|unep 2019|unep|retrieved|retrieved from|from|ambiente|from https|who;"Sociales en Salud en España, 2015; OMS, 2010) Ordenadores de la salud pública y su desarrollo en el Plan Decenal de Salud ||| Mundial de la Salud. Retrieved from https:// http://apps.who.int/iris/bitstream/handle/10665/67246/WHO_HPR_HEP_98. 1_spa.pdf;jsessionid=7B83BCC1FCC34D687EF8EFF057A2ED4F?sequenc e=1 OMS. (2010). A conceptual framework for action on the social determinants of health. Social Determinants of Health Discussion Papper 2. Genova: OMS. ||| Medicine, 63(4), 1011-1022. https://doi.org/10.1016/j.socscimed.2006.03.012 Miles MB, H. A. (1994). Qualitative data analysis: an expanded sourcebook. California: SAGE. Ministerio de Salud y Protección Social, & Organización Panamericana de la ||| 462. https://doi.org/10.5271/sjweh.1050 Steinmetz, Katy. (2021) Kimberlé Crenshaw sobre lo que significa hoy la interseccionalidad | Tiempo. TIME [Internet]. 2020 Feb 20 [cited 2021 Dec 3];1. Available from: https://time.com/5786710/kimberle-crenshawintersectionality/ UNEP. (2019). The Sixth Global Environmental Outlook GEO-6. Healthy Planet, Healthy People. Cambridge University Press. Cambridge, UK. https://doi.org/10.1017/9781108627146 United Nations. (n.d.). Access to a healthy environment, declared a human right by UN rights council. ||| OMS. (2007). Social determinants of health. Retrieved from https://www.who.int/health-topics/social-determinants-of-health#tab=tab_1 OPS. (2007). Desarrollo Sostenible y Salud Ambiental. In Salud en las Américas 2007. Publicación Científica y Técnica No. 22. Volumen I-Regional (p. 222). Washington, DC: Organización Panamericana de la Salud. Retrieved from https://www.paho.org/salud-en-las-americas-2012/dmdocuments/saludamericas-2007-vol-1.pdf OPS Colombia. (n.d.). Entornos Saludables: Cartilla de los niños y de las niñas.";Referencias bibliograficas internacionales (OMS/PNUMA);Sin clasificar (ruido);No;Fragmento de citas/URLs, sin contenido tematico propio.
96;12;25;vivienda ola|ola|ola invernal|invernal convergencia|invernal|reasentamientos vivienda|reasentamientos|regional reasentamientos|vivienda|convergencia regional;Convergencia Regional vivienda diferencial y Bogotá D. C. Implementación del Programa de Mejoramiento de Todos los departamentos ||| Reasentamientos de vivienda por ola invernal Convergencia Regional ||| Reasentamientos de vivienda por ola invernal Convergencia Regional ||| Reasentamientos de vivienda por ola invernal Convergencia Regional ||| Reasentamientos de vivienda por ola invernal. Convergencia Regional;Reasentamientos por ola invernal;Excluir (no-salud);No;
97;12;25;salud|atención|determinantes|sociales|determinantes sociales|aps|oms|cuidado|sociales salud|personas;"Reconocer el carácter multidimensional del desarrollo, superando las visiones fragmentadas por órganos, sistemas o daños específicos y/o temáticos; con el objetivo de apoyar e impulsar el desarrollo humano sostenible. Asegurar resultados en salud en las personas, familias y comunidades, la integralidad de la atención se traduce en las condiciones que se materializan 15 Resolución 3202 de 2016. Por la cual se adopta el Manual Metodológico para la elaboración e implementación de las Rutas Integrales de Atención en Salud - RIAS, se adopta un grupo de Rutas Integrales de Atención en Salud desarrolladas por el Ministerio de Salud y Protección Social dentro de la Política de Atención Integral en Salud -PAIS y se dictan otras disposiciones ||| 4.3 Eje estratégico: Gestión Integral de la Atención Primaria en Salud Las raíces de la Atención Primaria en Salud (APS) en encuentran en el compromiso con la justicia social, la equidad, la solidaridad y la participación. Desde Alma Ata, en 1978, el concepto ha sido reinterpretado y redefinido en múltiples ocasiones. Por ello, OMS y UNICEF han propuesto una definición sencilla, entendiendo la APS como ""un enfoque de la salud que incluye a toda la sociedad y que tiene por objeto garantizar el mayor nivel posible de salud y bienestar y su distribución equitativa mediante la atención centrada en las necesidades de la gente tan pronto como sea posible a lo largo del proceso continuo que va desde la promoción de la salud y la prevención de enfermedades hasta el tratamiento, la rehabilitación y los cuidados paliativos, y tan próximo como sea posible del entorno cotidiano de las personas"". Comprende tres componentes interrelacionados y sinérgicos, a saber: i. servicios de salud coordinados y completos, ii. acciones y políticas multisectorales en el ámbito de los determinantes de la salud más extendidos y de carácter general, y iii. el establecimiento de un diálogo con personas, familias y comunidades, y su empoderamiento, para aumentar la participación social y mejorar la autoasistencia y la autosuficiencia en la salud (OMS, 2021). En la APS se tienen en cuenta los determinantes más amplios de la salud, y la atención se centra en los aspectos generales e interrelacionados de la salud física, la salud mental, la salud social y el bienestar. Con ella se ofrece una atención integral para las necesidades de salud a lo largo del curso de la vida y no solo para una serie concreta de enfermedades. La atención primaria de salud garantiza a las personas una atención integral de calidad -desde la promoción y la prevención hasta el tratamiento, la rehabilitación y los cuidados paliativos- lo más cerca posible de sus lugares habituales (OMS, 2021). Colombia, como Estado Miembro de la ONU, se ha comprometido a renovar y ampliar la APS como piedra angular de un sistema de salud sostenible. En el país, la definición vigente está dada en la Ley 1438 del 2011, donde se entiende la Atención Primaria en Salud como la estrategia de coordinación intersectorial que permite la atención integral e integrada, desde la salud pública, la promoción de la salud, la prevención de la enfermedad, el diagnóstico, el tratamiento, la rehabilitación del paciente en todos los niveles de complejidad a fin de garantizar un mayor nivel de bienestar en los usuarios, sin perjuicio de las competencias legales de cada uno de los actores del Sistema General de Seguridad Social en Salud (MinSalud, 2011). De igual forma, el marco estratégico de la Política de Atención Integral en Salud (PAIS) se fundamenta en el desarrollo de la estrategia de APS que incorpora los enfoques de salud familiar y comunitaria, cuidado, gestión integral del riesgo y enfoque diferencial territorial y poblacional donde el centro de todos los esfuerzos son las personas residentes del país (Resolución 429 de 2016). De acuerdo con la política PAIS, la APS permite la articulación y armonización del aseguramiento, la prestación de servicios de salud y el desarrollo de las políticas y programas en salud pública acordes con la situación de salud de las personas, familias y comunidades, soportada en procesos de gestión social y política de carácter intersectorial, las cuales deben aplicarse en cada uno de los contextos poblacionales y territoriales. El eje estratégico de Atención Primaria Integral en Salud se aproxima a las aspiraciones de equidad, bienestar, calidad de vida y desarrollo del país. Permite el abordaje territorial de los determinantes sociales de la salud al apropiar un enfoque de derechos centrado en las necesidades de las personas, familias, comunidades y colectivos, que propende por el continuo del cuidado integral de la vida y la salud, y contribuye al logro del derecho a la salud y a la protección social de todos los habitantes del territorio colombiano. ||| 4.3.2 Alcance Elevar el nivel de salud, el bienestar y la calidad de vida de la población requiere de una acción participativa, colaborativa y comprometida con el abordaje de los determinantes sociales de la salud. De ahí que este eje reconoce la importancia estratégica y el valor para la implementación del PDSP 2022-2031 de consolidar la Atención Primaria Integral en Salud como una estrategia fundamental para la organización del sistema de salud y la gestión de la salud pública territorial en sus tres componentes: acción intersectorial, participación social y prestación de servicios para el cuidado integral de la salud y la vida como posibilidad de avanzar en la garantía del derecho a la salud y en la protección social para todos los habitantes del territorio colombiano. ||| Primer nivel: la gestión del cuidado Diferentes modelos de atención se han desarrollado con miras a mejorar la calidad del cuidado crónico. La OMS desarrolló una versión expandida del Modelo de Cuidado Crónico para integrarla a los países en desarrollo, así el ICCC Innovative Care for Chronic Conditions procura el fortalecimiento y re-diseño de la prestación de los servicios de salud para el abordaje multidimensional de las enfermedades crónicas. Los estudios de efectividad sugieren que el diseño de los servicios basados en este modelo mejoran la calidad del cuidado y los resultados en salud al tiempo que son costo-efectivos (Coleman et al. 2009). Por su parte, la Atención Primaria en Salud (APS) constituye la opción más costoefectiva y de mejor calidad para asegurar la continuidad del cuidado a través de los sistemas de salud en países de ingresos medios y bajos (Willison & Andrews; 2005). Asimismo las Redes Integradas de Servicios de Salud se constituyen en un componente esencial para el desarrollo de sistemas de salud basados en APS mejorando la calidad, accesibilidad, aceptabilidad, eficiencia y equidad en los servicios (OPS. APS Renovada, 2007). Especialmente, existe evidencia frente a la efectividad de integrar, articular y coordinar a través de la APS modelos de atención con enfoques de: cuidado de las condiciones crónicas, salud familiar y comunitaria, riesgos y determinantes sociales de la salud para alcanzar mejores resultados en salud, mayor costo-efectividad y mejor satisfacción de los usuarios (Mendes, 2014). De igual modo frente a la efectividad de la gestión participativa, la relación con redes integrales e integradas de atención con ampliación de la clínia y gestión de casos (Massuda y Campos, 2010). Con dichos antecedentes se propone para el nivel de la gestión del cuidado un modelo de cuidado integral e integrado desde diferentes enfoques que se fundamentan en la atención de las condiciones de salud entendidas como aquellas circunstancias de salud de una persona, más o menos persistentes, cuyo abordaje requiere de respuestas coordinadas por parte de los sistemas de atención en salud, de caracter reactivo y episódico para las eventualidades agudas o proactivo y continuo para las eventualidades crónicas (Mendes, 2014). El nivel de la gestión del cuidado está centrado en las personas y sus familias bajo la responsabilidad directa de las aseguradoras y los prestadores. Se encarga de la cogestión del continuo del cuidado a través de la promoción de la salud, la prevención de la enfermedad, el diagnóstico, el tratamiento, la rehabilitación y paliación a lo largo del curso de la vida y en condiciones de accesibilidad, aceptabilidad, oportunidad, continuidad, integralidad y calidad. La gestión del cuidado implica el diseño, implementación y evaluación de un modelo de atención integral, integrada y continua para el manejo de las condiciones en salud agudas y crónicas, de manera costo-efectiva y de calidad, con adaptaciones culturales y diferenciales para la atención, la conformación de equipos interdisciplinarios capacitados y coordinados y la participación de personas y familias informadas y proactivas. Como elementos centrales contempla: • La caracterización de la población a cargo en términos de necesidades y prioridades de atención. • Organización de la red de prestadores de servicios de salud primarios y complementarios. • La integración de modelos de atención de las condiciones en salud agudas y crónicas con base en los enfoques de riesgo, cuidado crónico, clínica ampliada, salud familiar y comunitaria • La implementación de equipos interdisciplinarios con un grupo de personas y familias adscritas a su cargo. • El desarrollo de capacidades para el cuidado a través de estrategias de educación y comunicación en el campo de la salud pública. • La integración de modalidades de prestación de servicios que involucran: diseños específicos para el desarrollo de las RIAS, la atención domiciliaria, la conformación de grupos de carácter socioeducativo y socio-terapéutico de apoyo al cuidado y de estrategias de telesalud y telemedicina. • La garantía de la seguridad de la atención a través de prácticas de prevención cuaternaria y acción sin daño. • La prestación de servicios de salud seguros y humanizados • El desarrollo de sistemas de información interoperables y sistemas de monitoreo, seguimiento y evaluación que optimicen la toma de decisiones y el logro de resultados en salud • El desarrollo de estrategias de anticipación de los riesgos en salud y financieros relacionados con la operación del aseguramiento y la prestación de servicios que puedan afectar su funcionamiento y/o el cumplimiento de objetivos. ||| Sociales de la Salud parte equidad sanitaria. También recomienda mejorar las condiciones de vida, luchar contra la distribución desigual del poder, los de la premisa que la justicia recursos y contar con un sistema de información que permita medir y analizar la inequidad en salud y evaluar las intervenciones social afecta la forma como las (OMS, 2008), actuando sobre los determinantes sociales. personas nacen, crecen, viven, Para mejorar las condiciones de vida, se requiere fortalecer trabajan y envejecen, así como programas de salud y educación de calidad para la infancia su probabilidad de enfermar o y la adolescencia; garantizar y promover entornos y hábitos saludables y la disminución de violencia y delitos; establecer morir, por lo cual el desarrollo de políticas sociales y económicas que garanticen prácticas justas en una sociedad puede medirse por materia de empleo, trabajo digno y protección social y; establecer sistemas de atención de salud basados en los principios de la calidad del estado de salud de equidad, prevención de la morbilidad y promoción de la salud su población. con cobertura universal, centrados en la atención primaria de salud, con independencia de la capacidad de pago (OMS, 2008). La OMS recomienda para luchar contra la de la Salud y el estado de salud es compleja, distribución desigual del poder y los recursos, e involucra a muchos niveles de la sociedad que la equidad sanitaria sea criterio de que, como se ha señalado, abarcan desde el evaluación de la intervención de los gobiernos nivel microcelular hasta el macroambiental. y que, entre otras medidas de política pública para los países, las Naciones Unidas hagan de Igualmente, el PDSP indica la necesidad de la equidad social un objetivo fundamental de precisar los intercambios entre las dinámicas los programas de desarrollo mundial y utilicen de la población y las condiciones que ella vive indicadores de los determinantes sociales, en lo social, económico, educativo, cultural para medir los progresos realizados, por lo y ambiental, para identificar y señalar las que finalmente la OMS plantea la necesidad tensiones o las ventajas comparativas de cada de disponer de sistemas de datos básicos territorio. Estos son elementos básicos que debe sobre las inequidades sanitarias y los DSS, ser integrados a la promoción y garantía de los que puedan ser interpretados y utilizados derechos sexuales y los derechos reproductivos, en la construcción de políticas, sistemas y especialmente cuando se propone la igualdad programas más eficaces. en su garantía desde el Enfoque Poblacional. En ese orden de ideas, la Comisión sobre Si bien, la presente Política es sectorial, al Determinantes Sociales de la Salud, de la considerar el modelo de Determinantes OMS ""combina elementos de diversos modelos Sociales de la Salud se hace necesario hasta llegar a la construcción de un modelo de involucrar y coordinar acciones con otros Determinantes Sociales de la Salud que revela la sectores y agentes sociales, quienes tienen existencia de un contexto socio político que genera la responsabilidad de convertirse en agentes desigualdades socio económicas que responden a de cambio, para la garantía de los derechos una estratificación referida a los niveles de ingresos, fundamentales en los ámbitos de la sexualidad educación, el género, la raza o la pertenencia a un y la reproducción, y por lo tanto, al goce de la grupo étnico. Estos mecanismos de estratificación sexualidad y del derecho a la salud. socioeconómica se describen como determinantes estructurales de la salud o como factores sociales Finalmente, la construcción de esta Política determinantes de las desigualdades en torno a la se estructura en el enfoque sistémico, donde salud"" (OMS, 2008). capacidades y requerimientos se reconocen como entradas, objetivos y modos de acción Los Determinantes Sociales de la Salud como procesos y la realización de logros como conforman, un modelo que reconoce cómo las salidas, que a su vez de forma dinámica se el riesgo epidemiológico está determinado constituirán en los nuevos requerimientos individual, histórica y socialmente, por ello, sociales en el campo de la sexualidad y la la relación entre los Determinantes Sociales reproducción.";Determinantes sociales de la salud y atencion primaria (APS);Determinantes sociales y salud ambiental;Si;
98;12;25;niñez|madres|familiar|hogar|comunitarios|padres|cuidado|smlmv|exmadres|subsidio subsistencia;"5. Consolidación del Sistema Nacional de Bienestar Familiar y del gasto público para la niñez 310 ||| Se del programa tendrá como ejes el hogar, el ciclo de vida de cada establecerá un uno de sus integrantes, y un enfoque de género y diferencial que brinde prioridad a la población con discapacidad, víctima solo programa del conflicto y con enfoque étnico. (Renta El monto de la transferencia dependerá del número de inte- Ciudadana), que grantes del hogar, de la clasificación socioeconómica del hogar armonice las de acuerdo con el Sisbén o del instrumento de focalización transferencias que haga sus veces, de la zona en la que habite, y tendrá en cuenta el ciclo de vida. Las transferencias condicionadas esta- monetarias tanto rán asociadas a dimensiones de salud, educación y a corres- condicionadas ponsabilidades en ocupación y empleo. De igual forma, este como no programa tendrá un componente transversal de bienestar condicionadas. comunitario que busca mejorar las capacidades individuales y colectivas de los hogares beneficiarios. El cumplimiento de las condiciones de permanencia de los hogar es será evaluado periódicamente de acuerdo con los plazos que establezca el Gobierno Nacional. Los criterios de condicionalidad se pueden ir cambiando, en función de los avances del programa. b. Estrategia de acompañamiento a hogares en extrema pobreza ||| El Departamento de Prosperidad Social implementará un programa de acompañamiento familiar y comunitario que busque, principalmente, guiar/orientar al hogar o comunidad en su proceso de movilidad social y realizar la gestión que promueva el acceso preferente a la oferta social pertinente. Desde la Mesa de Equidad, o quien haga sus veces, se garantizará acceso prioritario de los hogares vinculados a la oferta ||| Administrativo Nacional de Estadística. Este modelo tendrá un mecanismo de participación y seguimiento ciudadano, incluyendo a las trabajadoras domésticas y del hogar y a organizaciones de la sociedad civil. Se definirán: (i) El esquema y las fuentes de financiamiento del Sistema Nacio­ nal de Cuidado; (ii) las responsabilidades de las entidades que integran el Sistema; y (iii) los modelos de operación según enfoque étnico-racial, territorial, rural, género, curso de vida, diferencial y discapacidad. Además, el Sistema contará con un modelo flexible de territorialización para zonas urbanas, periurbanas y rurales, que se implementará de forma articulada con los entes territoriales y las comunidades, en función de sus capacidades y con un enfoque participativo de la sociedad civil. Colombia construirá una red del cuidado que articule servicios interinstitucionales y comunitarios para las personas cuidadoras y para las que requieren cuidado y/o apoyo. ||| PLAN NACIONAL DE DESARROLLO • 2022-2026 Plazo y el Marco de Gasto de Mediano Plazo de las madres y padres comunitarios que se encuentren laborando en el servicio de hogares comunitarios de bienestar en todas sus formas de atención al momento de la expedición de la presente ley.";Cuidado de la ninez y hogares comunitarios;Poblaciones vulnerables y equidad en salud;Si;
99;12;25;educación|formación|estudiantes|docentes|educación superior|formación integral|superior|curricular|ministerio educación|educación nacional;c. Dignificación, formación y desarrollo de la profesión docente para una educación de calidad Se robustecerá la institucionalidad pública para garantizar la protección de los derechos laborales de los docentes. De manera participativa se llegará a consensos en relación con el ingreso al magisterio, la formación profesional, la evaluación, el retiro y una política de bienestar docente que garantice sus derechos laborales. Se revisarán los criterios de evaluación docente para contar con instrumentos apropiados y pertinentes que den cuenta de la transformación y el avance en las prácticas pedagógicas. Se fortalecerá la formación de docentes, directivos docentes, orientadores escolares con el objetivo de tener una educación más contextualizada que responda a las necesidades de los estudiantes e impacte positivamente en sus proyectos de vida. Se creará un sistema de formación docente que articule los diferentes niveles, y se hará énfasis en la formación situada mediante estrategias que correspondan a las necesidades y particularidades territoriales y el Programa Todos a Aprender (PTA). Se apoyará a educadores oficiales en ejercicio con la financiación para el acceso a programas de formación inicial, formación continua y posgradual. Se fomentará el acceso de los docentes oficiales a programas de movilidad académica en el exterior, ||| Seguridad Humana y Justicia Social dirigidos a fortalecer el aprendizaje de una segunda lengua y para el desarrollo de estudios posgraduales. Se fortalecerán redes y comunidades de aprendizaje de docentes, orientador es escolares, directivos docentes, como una estrategia de formación entre pares. Finalmente, se fortalecerán las escuelas normales superiores en sus capacidades y condiciones para consolidarlas como centros de excelencia en formación y liderazgo educativo en las zonas rurales. d. Movilización social por la educación en los territorios Se pondrá en marcha un programa que involucre a 40.000 estudiantes de las escuelas normales superiores y universitarias, especialmente de licenciaturas, para que apoyen voluntaria y solidariamente a los estudiantes de preescolar, básica y media, a partir de un modelo de aprendizaje dialógico. El voluntariado podrá hacerse en el marco de las prácticas profesionales, en tiempo completo con desplazamiento a territorio, o en tiempo parcial de manera presencial o virtual. Finalmente, a través del PTA se dinamizarán expediciones pedagógicas que movilicen a las comunidades educativas con el fin de avanzar en la formación integral y la educación de calidad. e. Currículos para la justicia social Se simplificará la arquitectura curricular actual para que las escuelas implementen currículos más pertinentes y contextualizados. De manera participativa y en respeto de la autonomía escolar se promoverá la incorporación curricular de la educación CRESE (ciudadana, para la reconciliación, antirracista, socioemocional y para el cambio climático) con una permanente referencia a las necesidades y contextos territoriales, incorporando las recomendaciones de la Comisión de la Verdad y la Comisión Asesora para la Enseñanza de la Historia. De igual manera, se promoverá la incorporación curricular en los niveles de básica y media de formación integral a través de las artes, la música, la geografía, la educación física y se impulsará la formación en habilidades del siglo XXI como la programación, el pensamiento computacional y la robótica. f. Gestión territorial educativa y comunitaria Se potencializarán las capacidades de las entidades territ oriales certificadas en educación (ETC) para la gestión del talento humano, los recursos financieros, las alianzas y demás estrategias que permitan garantizar el acceso y permanencia de las niñas, niños, y jóvenes en el sistema educativo. Se continuará con la implementación del Plan Especial de Educación Rural (PEER), y se pondrá énfasis en la implementación de los compromisos educativos incluidos en los PDET. Además, con la finalidad de generar mejores condiciones de atención integral y pertinente dentro del sector educativo, se fortalecerá la gestión y el acompañamiento de los orientadores en municipios PDET. Adicionalmente, con el fin de garantizar a las niñas, niños y jóvenes el derecho fundamental a la educación de calidad, la Comisión de Alto Nivel de que trata el artículo 188 de la Ley 1955 de 2019, consensuará una propuesta de acto legislativo para reformar el Sistema General de Participaciones con el objetivo del cierre progresivo de las brechas estructurales en los niveles de educación preescolar, básica y media. ||| Se hará una transformación curricular de la educación media para una formación integral, que tendrá en cuenta los intereses y necesidades de los jóvenes. Se incentivarán Se hará una mecanismos de articulación de la media -en estrategia de transformación multicampus regionales- con la Educación para el Trabajo curricular de y el Desarrollo Humano (ETDH), y la educación superior. la educación En este proceso participará el SENA. Se ampliarán las apuestas de la orientación sociocupacional y se fomentarán media para las competenc ias socioemocionales, la educación económica una formación y financiera, así como la educación ciudadana y para la integral, que reconciliación. tendrá en cuenta h. Hacia la erradicación de los analfabetismos y los intereses y el cierre de inequidades necesidades de los jóvenes. Se fortalecerán las ETC para la ampliación de la atención educativa dirigida a la población joven, adulta y mayor a través de modelos educativos flexibles, pertinentes, con apuestas de educación virtual, que involucren procesos de emprendimiento. Igualmente, se desarrollarán procesos de búsqueda activa de la población analfabeta, dándole prio - ri dad a la ruralidad y a las poblaciones excluidas. Además, se fortalecerá el Plan Nacional de Lectura, Escritura y Oralidad (PNLEO) con diversas modalidades para crear ambientes de aprendizaje, a través de una oferta de servicios y programas diversos, con mayor dotación de materiales bibliográfi cos para promoción de la lectura, la investigación y el diá logo comunitario. ||| Se fomentará el acceso de 500.000 nuevos estudiantes, social y cultural acompañados de estrategias para promover la permanennecesario y cia y la graduación, priorizando a jóvenes provenientes progresivo para de contextos vulnerables, municipios PDET y ruralidad dispersa. Las IES públicas contarán con la financiación para la realización su sostenibilidad, y con la asignación de recursos adicionales humana. para fortalecer su base presupuestal, el mejoramiento de sus condiciones, que se distribuirán con criterios de cierre ||| Se fortalecerá el territorio, privilegiando la participación de las comunidades en la operación y el control social con transparencia del PAE y se brindará asistencia técnica a las secretarías de educación para el fortalecimiento de entornos escolares saludables y el desarrollo socioemocional orientado a la alimentación saludable, la práctica de actividad física y prácticas de higiene en el consumo de alimentos. Las estategias para la practicidad de juego activo y actividad física serán alineadas con lo dispuesto en la transformación de Seguridad Humana y Justicia Social.;Educacion superior y formacion docente;Excluir (no-salud);No;
100;11;23;aplicación|normas atención|desarrollo aplicación|protocolos|normas|vigilancia control|estándares|administrativos|control|sector relación;Alcance El recurso operativo incluye los procesos de formación, capacitación, distribución, disponibilidad, empleo, condiciones laborales y su reglamentación. ||| Plan Marco de Implementación deberán destinar los equipos ||| Fortalecimiento de las capacidades de gestión del cono- ||| Proyecto para el fortalecimiento de los programas de ||| ¿CÓMO?- ESTRATEGIAS 1.Fortalecimiento de la Gestión de Sector S.;Protocolos y estandares de vigilancia y control;Politica sanitaria e institucional;Si;"Vigilancia y control sanitario (posible relacion con SIVIGILA); revisar contexto exacto."
101;11;23;vida ordenamiento|colombia potencia|potencia mundial|mundial vida|potencia|ambiental colombia|mundial|agua|ordenamiento territorio|justicia ambiental;PLAN NACIONAL DE DESARROLLO • 2022-2026 El agua ha sido el eje de las civilizaciones. A pesar de que Colombia es rica en agua, se observa un proceso continuo de deterioro de las fuentes hídricas. Esta dinámica tiene que revertirse, de tal manera que se recuperen las cuencas, los páramos, los ríos, las ciénagas y los humedales. ||| Colombia, Potencia Mundial de la Vida Ordenamiento del Territorio Alrededor del Agua y Justicia Ambiental ||| Colombia, Potencia Mundial de la Vida Ordenamiento del Territorio Alrededor del Agua y Justicia Ambiental ||| Colombia, Potencia Mundial de la Vida Ordenamiento del Territorio Alrededor del Agua y Justicia Ambiental ||| Colombia, Potencia Mundial de la Vida Ordenamiento del Territorio Alrededor del Agua y Justicia Ambiental Figura 1.2 | Número de instrumentos de planificación por sector o temática;Colombia potencia mundial de la vida (ambiental);Excluir (no-salud);No;
102;11;23;posicionamiento global|global regional|estrategia posicionamiento|regional estrategia|posicionamiento|global|estrategia|regional||;2. Estrategia para el posicionamiento global y regional de ||| Estrategia para el Posicionamiento Global y Regional de ||| Estrategia para el Posicionamiento Global y Regional de ||| Estrategia para el Posicionamiento Global y Regional de ||| Estrategia para el Posicionamiento Global y Regional de;Posicionamiento global y regional (estrategia pais);Excluir (no-salud);No;
103;11;23;vínculos|construida|ciudad construida|ciudad|fortalecimiento vínculos|aprovechamiento ciudad|hábitat|supramunicipales|modelos desarrollo|aprovechamiento;"1. Aprovechamiento de la ciudad construida, participativo e incluyente, para el fortalecimiento de los vínculos intraurbanos 223 a. Gestión de los centros de las áreas urbanas 223 b. Revitalización en los procesos de transformación y aprovechamiento de la ciudad construida 223 ||| 2. Modelos de desarrollo supramunicipales para el fortalecimiento de vínculos urbano-rurales y la integración de territorios 224 a. Intervención de vías regionales (secundarias y terciarias), terminales fluviales y aeródromos 224 b. Convenios solidarios 225 ||| 1. Rural disperso 2. Rural 3. Intermedio 4. Ciudades y aglomeraciones ||| 1. Integración intrarregional (intraurbana, urbano-rural, subregional) a partir de: (i) El desarrollo de ciudades más sostenibles, compactas y equitativas; (ii) la consolidación de modelos de desarrollo supramunicipales que fortalezcan los vínculos territoriales y aprovechen las economías de escala; (iii) la construcción de hábitats integrales; (iv) la realidad ecosistémica y de Ordenamiento Territorial Alrededor del Agua y Justicia Ambiental. ||| Vínculos intrarregionales Vínculos interregionales Escalas: intraurbano, urbano rural, subregiones y con el mundo Aprovechamiento Modelos de Hábitat integral para Sistemas nacionales y de la ciudad desarrollo la población en regionales de productividad, construida supramunicipal condición de más competitividad e innovación vulnerabilidad";Modelos de ciudad y habitat;Excluir (no-salud);No;
104;11;23;hospital|humana justicia|seguridad humana|justicia social|humana|seguridad|justicia|tolima|social|creación hospital;Creación del Hospital Universitario del Urabá Darién Antioquia (HUUD) teniendo como fase inicial la culminación de la Chocó Seguridad Humana y Justicia Social ||| Tolima Creación del hospital del norte del Tolima Cundinamarca Seguridad Humana y Justicia Social ||| Proyecto Transformaciones Hospital de San Rafael - Tunja Seguridad Humana y Justicia Social ||| Seguridad Humana y Justicia Social Centro de Ciencia y Tecnología en el departamento de Boyacá Seguridad Humana y Justicia Social Construcción de la nueva sede de la E. S. E Hospital Baudilio Acero ||| Seguridad Humana y Justicia Social infraestructura fases I y II de hospital departamental universitario;Infraestructura hospitalaria territorial (Tolima);Sistema de salud y aseguramiento;Si;
105;11;23;bioproductos biodiversidad|bioproductos|desarrollo bioproductos|bioinsumos valoración|valoración energética|biodiversidad|bioinsumos|biodiversidad desarrollo|acción bioinsumos|energética agrofertilizantes;Objetivo 12. Producción y Tecnología e conocimiento, la conservación y el uso de la biodi- - 52 consumo responsables ||| Desarrollo de proyectos de biogás asociados a proyectos ||| Cauca Transformación Productiva, Internageneración de bioinsumos o valoración energética ||| Desarrollo de bioproductos a partir de la biodiversidad ||| Desarrollo de bioproductos a partir de la biodiversidad;Bioproductos, biodiversidad y bioinsumos;Excluir (no-salud);No;
106;11;23;multicampus complejo|sede multicampus|multicampus|complejo educativo|complejo|educativo educación|sede|educación sede|educativo|educación;Nueva sede, multicampus o complejo educativo de educa- ||| Nueva sede, multicampus o complejo educativo de educación ||| Nueva sede, multicampus o complejo educativo de educación ||| Nueva sede, multicampus o complejo educativo de educación ||| Nueva sede, multicampus o complejo educativo de educa-;Infraestructura educativa (sedes multicampus);Excluir (no-salud);No;
107;10;21;exportaciones|pib|productivas|crecimiento|país|inversión|promedio|hidrocarburos|unidades productivas|petróleo;En este proceso de transformación productiva es importante avanzar en la internacionalización de la economía, y así la estructura de las exportaciones se va reduciendo de manera progresiva, al igual que la dependencia del petróleo y del carbón. Estas exportaciones deben ser reemplazadas por productos nacionales de alto valor agregado. La internacionalización de la economía colombiana se dará La gran con énfasis en América Latina y el Caribe mediante la propotencialidad moción de acciones conjuntas con los países en desarrollo, fiscal del país está en el marco multilateral en comercio, inversión y sostenibilidad ambiental. en los impuestos al suelo y en la Para que la alianza público-privada sea exitosa es necesario reconocer, de entrada, que el tamaño del Estado colombiano participación en las es muy pequeño. Y que la Inversión Pública tiene que rentas derivadas aumentar, de tal forma que efectivamente se puede ejercer de los procesos un liderazgo. urbanísticos. En Colombia, el gasto público es bajo con respecto al del promedio latinoamericano y, sobre todo, al de los países desarrollados de la Organización para la Cooperación y el Desarrollo Económicos (OCDE), por ello para ir cerrando esta brecha es indispensable un aumento de la tributación. Y en este ejercicio de búsqueda de recursos tienen que participar, junto con el Gobierno Nacional, las ciudades (especialmente, las grandes y las intermedias), y los departamentos. La gran potencialidad fiscal del país está en los impuestos al suelo y en la participación en las rentas derivadas de los procesos urbanísticos (plusvalías, derechos de edificabilidad, cobro por congestión y valorización, entre otros). ||| Colombia. y fomentará el desarrollo de mecanismos inno vadores, reforzando el rol de los 3.La dependencia energética y econó- bancos centrales, la valoración de activos y mica del país de los combustibles alternativas de inversión. fósiles representa una baja competitividad y acentúa la vulnerabilidad. Se requiere una respuesta urgente, que de manera progresiva lleve a cambios sustantivos en los modos de producción y de consumo. De manera contundente, se usarán los excedentes financieros del carbón y del petróleo para hacer una transición energética que lleve a una economía verde. ||| Transformación Productiva, Internacionalización y Acción Climática Entre los impactos que genera la pérdida de bosques, la agricultura y los cambios en el uso del suelo está la liberación de gases de efecto invernadero (GEI) que ocasionan el calentamiento global, y que entre 2014 y 2018 produjeron en promedio el 56 % de GEI del país. En el 2018 los departamentos de Meta, Caquetá, Antioquia y Guaviare concentraron el 36 % de las emisiones totales. Así mismo, el 7 % de la población del país está expuesta a desastres por inundaciones, movimientos en masa, como el ocurrido en Rosas, Cauca en 2023, y avenidas torrenciales, como la que se presentó en Mocoa, Putumayo en 2017. La transformación de la matriz energética incentiva la gestión de la demanda y la participación de nuevos actores en los procesos productivos. La dinámica es progresiva, así que los hidrocarburos y minerales seguirán teniendo un lugar significativo. Los excedentes que se generan en estos sectores deben ser la base para modificar gradualmente los patrones de explotación y consumo. El 74 % de la oferta energética es fósil (petróleo, gas natural, carbón mineral) (Figura 4.1). El sector minero-energético ha representado el 7 % del PIB nacional, genera el 33 % de la inversión extranjera, el 56 % de las exportaciones, y aporta con más de 500.000 empleos formales. Asimismo, durante el año 2021, el sector aportó cerca de $8,8 billones en regalías, de las cuales 26 % provienen de minería y el 74 % de los hidrocarburos. ||| PLAN NACIONAL DE DESARROLLO • 2022-2026 En el país existe baja productividad y diversificación de las actividades. Entre 2012 y 2021 el aporte de la productividad al crecimiento económico fue nulo (-0,01 %). Una de las explicaciones de este resultado es la falta de diversificación de las actividades productivas y su bajo nivel de complejidad. Es notoria la concentración de las exportaciones en hidrocarburos y minería, que entre 2017-2021 representó el 71 % del total de exportaciones (sumatoria de combustibles y aceites minerales 60 %, piedras y metales preciosos 7,23 %, y minerales 3,64 %, véase Figura 4.3). La participación de la industria en el PIB se redujo del 20,1 % en 1967 al 11,5 % en 2021, mientras que en Corea del Sur en el mismo período, esta participación pasó del 16,8 % al 25,4 %. Colombia ocupa el puesto 63 entre 132 países en el índice global de innovación. En 2020 apenas invirtió el 0,24 % del PIB en actividades de investigación y desarrollo (I+D), estando por debajo del promedio de América Latina que es de 0,65 %, y muy lejos de la OCDE que es de 2,5 % (Figura 4.4). Figura 4.4 | Inversión en I+D como porcentaje del PIB, 2020 ||| Transformación Productiva, Internacionalización y Acción Climática e incorporación de tecnología y sus respectivas unidades productivas, así como promover la inclusión a las cadenas de valor de micro, pequeñas y medianas unidades productivas, y la defensa de una mayor competencia económica. Todo lo anterior atendiendo la heterogeneidad existente en las unidades productivas ubicadas en los territorios, así como en el desarrollo productivo regional del país. El reto de la bioeconomía es aprovechar el patrimonio natural en la diversificación productiva para generar riqueza. A pesar de que Colombia alberga más de 75.000 especies, y es el segundo país más biodiverso del mundo, a corte del primer semestre de 2022 apenas contó con;Indicadores macroeconomicos y productivos;Excluir (no-salud);No;
-1;1382;2886;salud|nacional|social|desarrollo|derechos|vida|plan|personas|sistema|protección;ACTIVIDAD INVOLUCRADO (S) FRECUENCIA Garantizar el tamizaje universal en embarazadas. ET, EPS, IPS Continuo Fortalecimiento de los programas de control ET, EPS, IPS Continuo prenatal para la captación e ingreso temprano durante el primer trimestre de la gestación ||| 1. Rural disperso 2. Rural 3. Intermedio 4. Ciudades y aglomeraciones Fuente: DNP, 2022. ||| Ley 2294 de 2023 funcionamiento de las instituciones de educación superior públicas, sujeto a la disponibilidad presupuestal. Desde el Presupuesto General de la Nación anualmente se asignarán recursos de funcionamiento a todas las instituciones de educación superior que son establecimientos públicos del orden territorial. Para ello el Ministerio de Educación Nacional establecerá con estas instituciones los mecanismos de distribución. La nación podrá transferir o distribuir recursos adicionales de inversión a las instituciones de educación superior públicas sujetos a la disponibilidad presupuestal, y orientados a financiar proyectos de inversión que promuevan el fortalecimiento de la calidad, de acuerdo con las líneas que sean definidas por el Ministerio de Educación Nacional, incluidos proyectos de infraestructura física y tecnológica, entre otros. Estos recursos no constituirán base presupuestal para las instituciones de educación superior públicas. PARÁGRAFO. Las instituciones de educación superior públicas que reciban recursos provenientes de lo previsto en este artículo, presentarán al Ministerio de Educación Nacional los planes y seguimientos correspondientes al uso de los recursos recibidos en cada vigencia. ||| 3. Protección de la trayectoria de vida y educativas a través del arte, deporte, cultura, ambiente, y ciencia y tecnología Se promoverá el desarrollo integral de la infancia y adolescencia, fortaleciendo la implementación de su política. Se ampliará la jornada escolar y se protegerán las trayectorias ||| 3. Educación de calidad para reducir la desigualdad La educación es un medio fundamental para superar la desigualdad y para hacer de nuestro país una sociedad del conocimiento y de los saberes propios. Se garantizará el derecho a la educación y al desarrollo integral de las niñas, los niños, los adolescentes, los jóvenes y adultos, desde la educación inicial hasta la posmedia, a través de estrategias de acceso y permanencia. La educación de calidad estará centrada en la formación y desarrollo de la profesión docente, y en el fortalecimiento pedagógico, curricular y de ambientes de aprendizaje. La apuesta es por una educación humanista, incluyente, antirracista e intercultural. Esta visión de la educación permite hacer de la escuela, más que un lugar físico un escenario alrededor del cual se organizan las comunidades. Se contará con un enfoque poblacional, regional, de género, territorial, étnico, atendiendo especialmente a la ruralidad.;Ruido / mixto sin patron tematico claro;Sin clasificar (ruido);No;"Topico de ruido HDBSCAN (28.86% del corpus institucional); documentos heterogeneos del PDSP/PND, no interpretable como tema unico."
